location,date,total_cases,total_deaths,death_percentage
Nigeria,1/1/2021,83576,1247,1.4921
Nigeria,1/1/2022,236014,3014,1.2770
Nigeria,1/1/2023,266450,3155,1.1841
Nigeria,1/1/2024,267188,3155,1.1808
Nigeria,1/10/2020,,,
Nigeria,1/10/2021,99063,1350,1.3628
Nigeria,1/10/2022,247775,3071,1.2394
Nigeria,1/10/2023,266463,3155,1.1840
Nigeria,1/10/2024,267188,3155,1.1808
Nigeria,1/11/2020,,,
Nigeria,1/11/2021,99063,1350,1.3628
Nigeria,1/11/2022,247775,3071,1.2394
Nigeria,1/11/2023,266463,3155,1.1840
Nigeria,1/11/2024,267188,3155,1.1808
Nigeria,1/12/2020,,,
Nigeria,1/12/2021,99063,1350,1.3628
Nigeria,1/12/2022,247775,3071,1.2394
Nigeria,1/12/2023,266463,3155,1.1840
Nigeria,1/12/2024,267188,3155,1.1808
Nigeria,1/13/2020,,,
Nigeria,1/13/2021,99063,1350,1.3628
Nigeria,1/13/2022,247775,3071,1.2394
Nigeria,1/13/2023,266463,3155,1.1840
Nigeria,1/13/2024,267188,3155,1.1808
Nigeria,1/14/2020,,,
Nigeria,1/14/2021,99063,1350,1.3628
Nigeria,1/14/2022,247775,3071,1.2394
Nigeria,1/14/2023,266463,3155,1.1840
Nigeria,1/14/2024,267188,3155,1.1808
Nigeria,1/15/2020,,,
Nigeria,1/15/2021,99063,1350,1.3628
Nigeria,1/15/2022,247775,3071,1.2394
Nigeria,1/15/2023,266463,3155,1.1840
Nigeria,1/15/2024,267188,3155,1.1808
Nigeria,1/16/2020,,,
Nigeria,1/16/2021,99063,1350,1.3628
Nigeria,1/16/2022,250628,3095,1.2349
Nigeria,1/16/2023,266463,3155,1.1840
Nigeria,1/16/2024,267188,3155,1.1808
Nigeria,1/17/2020,,,
Nigeria,1/17/2021,108943,1420,1.3034
Nigeria,1/17/2022,250628,3095,1.2349
Nigeria,1/17/2023,266463,3155,1.1840
Nigeria,1/17/2024,267188,3155,1.1808
Nigeria,1/18/2020,,,
Nigeria,1/18/2021,108943,1420,1.3034
Nigeria,1/18/2022,250628,3095,1.2349
Nigeria,1/18/2023,266463,3155,1.1840
Nigeria,1/18/2024,267188,3155,1.1808
Nigeria,1/19/2020,,,
Nigeria,1/19/2021,108943,1420,1.3034
Nigeria,1/19/2022,250628,3095,1.2349
Nigeria,1/19/2023,266463,3155,1.1840
Nigeria,1/19/2024,267188,3155,1.1808
Nigeria,1/2/2021,83576,1247,1.4921
Nigeria,1/2/2022,242877,3033,1.2488
Nigeria,1/2/2023,266450,3155,1.1841
Nigeria,1/2/2024,267188,3155,1.1808
Nigeria,1/20/2020,,,
Nigeria,1/20/2021,108943,1420,1.3034
Nigeria,1/20/2022,250628,3095,1.2349
Nigeria,1/20/2023,266463,3155,1.1840
Nigeria,1/20/2024,267188,3155,1.1808
Nigeria,1/21/2020,,,
Nigeria,1/21/2021,108943,1420,1.3034
Nigeria,1/21/2022,250628,3095,1.2349
Nigeria,1/21/2023,266463,3155,1.1840
Nigeria,1/21/2024,267188,3155,1.1808
Nigeria,1/22/2020,,,
Nigeria,1/22/2021,108943,1420,1.3034
Nigeria,1/22/2022,250628,3095,1.2349
Nigeria,1/22/2023,266463,3155,1.1840
Nigeria,1/22/2024,267188,3155,1.1808
Nigeria,1/23/2020,,,
Nigeria,1/23/2021,108943,1420,1.3034
Nigeria,1/23/2022,251959,3124,1.2399
Nigeria,1/23/2023,266463,3155,1.1840
Nigeria,1/23/2024,267188,3155,1.1808
Nigeria,1/24/2020,,,
Nigeria,1/24/2021,120602,1495,1.2396
Nigeria,1/24/2022,251959,3124,1.2399
Nigeria,1/24/2023,266463,3155,1.1840
Nigeria,1/24/2024,267188,3155,1.1808
Nigeria,1/25/2020,,,
Nigeria,1/25/2021,120602,1495,1.2396
Nigeria,1/25/2022,251959,3124,1.2399
Nigeria,1/25/2023,266463,3155,1.1840
Nigeria,1/25/2024,267188,3155,1.1808
Nigeria,1/26/2020,,,
Nigeria,1/26/2021,120602,1495,1.2396
Nigeria,1/26/2022,251959,3124,1.2399
Nigeria,1/26/2023,266463,3155,1.1840
Nigeria,1/26/2024,267188,3155,1.1808
Nigeria,1/27/2020,,,
Nigeria,1/27/2021,120602,1495,1.2396
Nigeria,1/27/2022,251959,3124,1.2399
Nigeria,1/27/2023,266463,3155,1.1840
Nigeria,1/27/2024,267188,3155,1.1808
Nigeria,1/28/2020,,,
Nigeria,1/28/2021,120602,1495,1.2396
Nigeria,1/28/2022,251959,3124,1.2399
Nigeria,1/28/2023,266463,3155,1.1840
Nigeria,1/28/2024,267188,3155,1.1808
Nigeria,1/29/2020,,,
Nigeria,1/29/2021,120602,1495,1.2396
Nigeria,1/29/2022,251959,3124,1.2399
Nigeria,1/29/2023,266463,3155,1.1840
Nigeria,1/29/2024,267188,3155,1.1808
Nigeria,1/3/2021,89163,1302,1.4602
Nigeria,1/3/2022,242877,3033,1.2488
Nigeria,1/3/2023,266450,3155,1.1841
Nigeria,1/3/2024,267188,3155,1.1808
Nigeria,1/30/2020,,,
Nigeria,1/30/2021,120602,1495,1.2396
Nigeria,1/30/2022,253020,3135,1.2390
Nigeria,1/30/2023,266463,3155,1.1840
Nigeria,1/30/2024,267188,3155,1.1808
Nigeria,1/31/2020,,,
Nigeria,1/31/2021,130557,1578,1.2087
Nigeria,1/31/2022,253020,3135,1.2390
Nigeria,1/31/2023,266463,3155,1.1840
Nigeria,1/31/2024,267188,3155,1.1808
Nigeria,1/4/2021,89163,1302,1.4602
Nigeria,1/4/2022,242877,3033,1.2488
Nigeria,1/4/2023,266450,3155,1.1841
Nigeria,1/4/2024,267188,3155,1.1808
Nigeria,1/5/2020,,,
Nigeria,1/5/2021,89163,1302,1.4602
Nigeria,1/5/2022,242877,3033,1.2488
Nigeria,1/5/2023,266450,3155,1.1841
Nigeria,1/5/2024,267188,3155,1.1808
Nigeria,1/6/2020,,,
Nigeria,1/6/2021,89163,1302,1.4602
Nigeria,1/6/2022,242877,3033,1.2488
Nigeria,1/6/2023,266450,3155,1.1841
Nigeria,1/6/2024,267188,3155,1.1808
Nigeria,1/7/2020,,,
Nigeria,1/7/2021,89163,1302,1.4602
Nigeria,1/7/2022,242877,3033,1.2488
Nigeria,1/7/2023,266450,3155,1.1841
Nigeria,1/7/2024,267188,3155,1.1808
Nigeria,1/8/2020,,,
Nigeria,1/8/2021,89163,1302,1.4602
Nigeria,1/8/2022,242877,3033,1.2488
Nigeria,1/8/2023,266463,3155,1.1840
Nigeria,1/8/2024,267188,3155,1.1808
Nigeria,1/9/2020,,,
Nigeria,1/9/2021,89163,1302,1.4602
Nigeria,1/9/2022,247775,3071,1.2394
Nigeria,1/9/2023,266463,3155,1.1840
Nigeria,1/9/2024,267188,3155,1.1808
Nigeria,10/1/2020,58198,1106,1.9004
Nigeria,10/1/2021,204201,2674,1.3095
Nigeria,10/1/2022,265186,3155,1.1897
Nigeria,10/1/2023,267146,3155,1.1810
Nigeria,10/10/2020,59287,1113,1.8773
Nigeria,10/10/2021,207618,2745,1.3221
Nigeria,10/10/2022,265816,3155,1.1869
Nigeria,10/10/2023,267155,3155,1.1810
Nigeria,10/11/2020,60103,1115,1.8551
Nigeria,10/11/2021,207618,2745,1.3221
Nigeria,10/11/2022,265816,3155,1.1869
Nigeria,10/11/2023,267155,3155,1.1810
Nigeria,10/12/2020,60103,1115,1.8551
Nigeria,10/12/2021,207618,2745,1.3221
Nigeria,10/12/2022,265816,3155,1.1869
Nigeria,10/12/2023,267155,3155,1.1810
Nigeria,10/13/2020,60103,1115,1.8551
Nigeria,10/13/2021,207618,2745,1.3221
Nigeria,10/13/2022,265816,3155,1.1869
Nigeria,10/13/2023,267155,3155,1.1810
Nigeria,10/14/2020,60103,1115,1.8551
Nigeria,10/14/2021,207618,2745,1.3221
Nigeria,10/14/2022,265816,3155,1.1869
Nigeria,10/14/2023,267155,3155,1.1810
Nigeria,10/15/2020,60103,1115,1.8551
Nigeria,10/15/2021,207618,2745,1.3221
Nigeria,10/15/2022,265816,3155,1.1869
Nigeria,10/15/2023,267156,3155,1.1810
Nigeria,10/16/2020,60103,1115,1.8551
Nigeria,10/16/2021,207618,2745,1.3221
Nigeria,10/16/2022,265937,3155,1.1864
Nigeria,10/16/2023,267156,3155,1.1810
Nigeria,10/17/2020,60103,1115,1.8551
Nigeria,10/17/2021,209173,2804,1.3405
Nigeria,10/17/2022,265937,3155,1.1864
Nigeria,10/17/2023,267156,3155,1.1810
Nigeria,10/18/2020,61307,1123,1.8318
Nigeria,10/18/2021,209173,2804,1.3405
Nigeria,10/18/2022,265937,3155,1.1864
Nigeria,10/18/2023,267156,3155,1.1810
Nigeria,10/19/2020,61307,1123,1.8318
Nigeria,10/19/2021,209173,2804,1.3405
Nigeria,10/19/2022,265937,3155,1.1864
Nigeria,10/19/2023,267156,3155,1.1810
Nigeria,10/2/2020,58198,1106,1.9004
Nigeria,10/2/2021,204201,2674,1.3095
Nigeria,10/2/2022,265431,3155,1.1886
Nigeria,10/2/2023,267146,3155,1.1810
Nigeria,10/20/2020,61307,1123,1.8318
Nigeria,10/20/2021,209173,2804,1.3405
Nigeria,10/20/2022,265937,3155,1.1864
Nigeria,10/20/2023,267156,3155,1.1810
Nigeria,10/21/2020,61307,1123,1.8318
Nigeria,10/21/2021,209173,2804,1.3405
Nigeria,10/21/2022,265937,3155,1.1864
Nigeria,10/21/2023,267156,3155,1.1810
Nigeria,10/22/2020,61307,1123,1.8318
Nigeria,10/22/2021,209173,2804,1.3405
Nigeria,10/22/2022,265937,3155,1.1864
Nigeria,10/22/2023,267166,3155,1.1809
Nigeria,10/23/2020,61307,1123,1.8318
Nigeria,10/23/2021,209173,2804,1.3405
Nigeria,10/23/2022,266043,3155,1.1859
Nigeria,10/23/2023,267166,3155,1.1809
Nigeria,10/24/2020,61307,1123,1.8318
Nigeria,10/24/2021,210295,2856,1.3581
Nigeria,10/24/2022,266043,3155,1.1859
Nigeria,10/24/2023,267166,3155,1.1809
Nigeria,10/25/2020,61930,1129,1.8230
Nigeria,10/25/2021,210295,2856,1.3581
Nigeria,10/25/2022,266043,3155,1.1859
Nigeria,10/25/2023,267166,3155,1.1809
Nigeria,10/26/2020,61930,1129,1.8230
Nigeria,10/26/2021,210295,2856,1.3581
Nigeria,10/26/2022,266043,3155,1.1859
Nigeria,10/26/2023,267166,3155,1.1809
Nigeria,10/27/2020,61930,1129,1.8230
Nigeria,10/27/2021,210295,2856,1.3581
Nigeria,10/27/2022,266043,3155,1.1859
Nigeria,10/27/2023,267166,3155,1.1809
Nigeria,10/28/2020,61930,1129,1.8230
Nigeria,10/28/2021,210295,2856,1.3581
Nigeria,10/28/2022,266043,3155,1.1859
Nigeria,10/28/2023,267166,3155,1.1809
Nigeria,10/29/2020,61930,1129,1.8230
Nigeria,10/29/2021,210295,2856,1.3581
Nigeria,10/29/2022,266043,3155,1.1859
Nigeria,10/29/2023,267173,3155,1.1809
Nigeria,10/3/2020,58198,1106,1.9004
Nigeria,10/3/2021,206064,2723,1.3214
Nigeria,10/3/2022,265431,3155,1.1886
Nigeria,10/3/2023,267146,3155,1.1810
Nigeria,10/30/2020,61930,1129,1.8230
Nigeria,10/30/2021,210295,2856,1.3581
Nigeria,10/30/2022,266138,3155,1.1855
Nigeria,10/30/2023,267173,3155,1.1809
Nigeria,10/31/2020,61930,1129,1.8230
Nigeria,10/31/2021,211887,2895,1.3663
Nigeria,10/31/2022,266138,3155,1.1855
Nigeria,10/31/2023,267173,3155,1.1809
Nigeria,10/4/2020,59287,1113,1.8773
Nigeria,10/4/2021,206064,2723,1.3214
Nigeria,10/4/2022,265431,3155,1.1886
Nigeria,10/4/2023,267146,3155,1.1810
Nigeria,10/5/2020,59287,1113,1.8773
Nigeria,10/5/2021,206064,2723,1.3214
Nigeria,10/5/2022,265431,3155,1.1886
Nigeria,10/5/2023,267146,3155,1.1810
Nigeria,10/6/2020,59287,1113,1.8773
Nigeria,10/6/2021,206064,2723,1.3214
Nigeria,10/6/2022,265431,3155,1.1886
Nigeria,10/6/2023,267146,3155,1.1810
Nigeria,10/7/2020,59287,1113,1.8773
Nigeria,10/7/2021,206064,2723,1.3214
Nigeria,10/7/2022,265431,3155,1.1886
Nigeria,10/7/2023,267146,3155,1.1810
Nigeria,10/8/2020,59287,1113,1.8773
Nigeria,10/8/2021,206064,2723,1.3214
Nigeria,10/8/2022,265431,3155,1.1886
Nigeria,10/8/2023,267155,3155,1.1810
Nigeria,10/9/2020,59287,1113,1.8773
Nigeria,10/9/2021,206064,2723,1.3214
Nigeria,10/9/2022,265816,3155,1.1869
Nigeria,10/9/2023,267155,3155,1.1810
Nigeria,11/1/2020,62853,1144,1.8201
Nigeria,11/1/2021,211887,2895,1.3663
Nigeria,11/1/2022,266138,3155,1.1855
Nigeria,11/1/2023,267173,3155,1.1809
Nigeria,11/10/2020,63790,1154,1.8091
Nigeria,11/10/2021,212627,2905,1.3662
Nigeria,11/10/2022,266192,3155,1.1852
Nigeria,11/10/2023,267173,3155,1.1809
Nigeria,11/11/2020,63790,1154,1.8091
Nigeria,11/11/2021,212627,2905,1.3662
Nigeria,11/11/2022,266192,3155,1.1852
Nigeria,11/11/2023,267173,3155,1.1809
Nigeria,11/12/2020,63790,1154,1.8091
Nigeria,11/12/2021,212627,2905,1.3662
Nigeria,11/12/2022,266192,3155,1.1852
Nigeria,11/12/2023,267173,3155,1.1809
Nigeria,11/13/2020,63790,1154,1.8091
Nigeria,11/13/2021,212627,2905,1.3662
Nigeria,11/13/2022,266242,3155,1.1850
Nigeria,11/13/2023,267173,3155,1.1809
Nigeria,11/14/2020,63790,1154,1.8091
Nigeria,11/14/2021,213127,2960,1.3888
Nigeria,11/14/2022,266242,3155,1.1850
Nigeria,11/14/2023,267173,3155,1.1809
Nigeria,11/15/2020,64996,1163,1.7893
Nigeria,11/15/2021,213127,2960,1.3888
Nigeria,11/15/2022,266242,3155,1.1850
Nigeria,11/15/2023,267173,3155,1.1809
Nigeria,11/16/2020,64996,1163,1.7893
Nigeria,11/16/2021,213127,2960,1.3888
Nigeria,11/16/2022,266242,3155,1.1850
Nigeria,11/16/2023,267173,3155,1.1809
Nigeria,11/17/2020,64996,1163,1.7893
Nigeria,11/17/2021,213127,2960,1.3888
Nigeria,11/17/2022,266242,3155,1.1850
Nigeria,11/17/2023,267173,3155,1.1809
Nigeria,11/18/2020,64996,1163,1.7893
Nigeria,11/18/2021,213127,2960,1.3888
Nigeria,11/18/2022,266242,3155,1.1850
Nigeria,11/18/2023,267173,3155,1.1809
Nigeria,11/19/2020,64996,1163,1.7893
Nigeria,11/19/2021,213127,2960,1.3888
Nigeria,11/19/2022,266242,3155,1.1850
Nigeria,11/19/2023,267173,3155,1.1809
Nigeria,11/2/2020,62853,1144,1.8201
Nigeria,11/2/2021,211887,2895,1.3663
Nigeria,11/2/2022,266138,3155,1.1855
Nigeria,11/2/2023,267173,3155,1.1809
Nigeria,11/20/2020,64996,1163,1.7893
Nigeria,11/20/2021,213127,2960,1.3888
Nigeria,11/20/2022,266283,3155,1.1848
Nigeria,11/20/2023,267173,3155,1.1809
Nigeria,11/21/2020,64996,1163,1.7893
Nigeria,11/21/2021,213532,2973,1.3923
Nigeria,11/21/2022,266283,3155,1.1848
Nigeria,11/21/2023,267173,3155,1.1809
Nigeria,11/22/2020,66228,1166,1.7606
Nigeria,11/22/2021,213532,2973,1.3923
Nigeria,11/22/2022,266283,3155,1.1848
Nigeria,11/22/2023,267173,3155,1.1809
Nigeria,11/23/2020,66228,1166,1.7606
Nigeria,11/23/2021,213532,2973,1.3923
Nigeria,11/23/2022,266283,3155,1.1848
Nigeria,11/23/2023,267173,3155,1.1809
Nigeria,11/24/2020,66228,1166,1.7606
Nigeria,11/24/2021,213532,2973,1.3923
Nigeria,11/24/2022,266283,3155,1.1848
Nigeria,11/24/2023,267173,3155,1.1809
Nigeria,11/25/2020,66228,1166,1.7606
Nigeria,11/25/2021,213532,2973,1.3923
Nigeria,11/25/2022,266283,3155,1.1848
Nigeria,11/25/2023,267173,3155,1.1809
Nigeria,11/26/2020,66228,1166,1.7606
Nigeria,11/26/2021,213532,2973,1.3923
Nigeria,11/26/2022,266283,3155,1.1848
Nigeria,11/26/2023,267173,3155,1.1809
Nigeria,11/27/2020,66228,1166,1.7606
Nigeria,11/27/2021,213532,2973,1.3923
Nigeria,11/27/2022,266313,3155,1.1847
Nigeria,11/27/2023,267173,3155,1.1809
Nigeria,11/28/2020,66228,1166,1.7606
Nigeria,11/28/2021,213982,2975,1.3903
Nigeria,11/28/2022,266313,3155,1.1847
Nigeria,11/28/2023,267173,3155,1.1809
Nigeria,11/29/2020,67330,1171,1.7392
Nigeria,11/29/2021,213982,2975,1.3903
Nigeria,11/29/2022,266313,3155,1.1847
Nigeria,11/29/2023,267173,3155,1.1809
Nigeria,11/3/2020,62853,1144,1.8201
Nigeria,11/3/2021,211887,2895,1.3663
Nigeria,11/3/2022,266138,3155,1.1855
Nigeria,11/3/2023,267173,3155,1.1809
Nigeria,11/30/2020,67330,1171,1.7392
Nigeria,11/30/2021,213982,2975,1.3903
Nigeria,11/30/2022,266313,3155,1.1847
Nigeria,11/30/2023,267173,3155,1.1809
Nigeria,11/4/2020,62853,1144,1.8201
Nigeria,11/4/2021,211887,2895,1.3663
Nigeria,11/4/2022,266138,3155,1.1855
Nigeria,11/4/2023,267173,3155,1.1809
Nigeria,11/5/2020,62853,1144,1.8201
Nigeria,11/5/2021,211887,2895,1.3663
Nigeria,11/5/2022,266138,3155,1.1855
Nigeria,11/5/2023,267173,3155,1.1809
Nigeria,11/6/2020,62853,1144,1.8201
Nigeria,11/6/2021,211887,2895,1.3663
Nigeria,11/6/2022,266192,3155,1.1852
Nigeria,11/6/2023,267173,3155,1.1809
Nigeria,11/7/2020,62853,1144,1.8201
Nigeria,11/7/2021,212627,2905,1.3662
Nigeria,11/7/2022,266192,3155,1.1852
Nigeria,11/7/2023,267173,3155,1.1809
Nigeria,11/8/2020,63790,1154,1.8091
Nigeria,11/8/2021,212627,2905,1.3662
Nigeria,11/8/2022,266192,3155,1.1852
Nigeria,11/8/2023,267173,3155,1.1809
Nigeria,11/9/2020,63790,1154,1.8091
Nigeria,11/9/2021,212627,2905,1.3662
Nigeria,11/9/2022,266192,3155,1.1852
Nigeria,11/9/2023,267173,3155,1.1809
Nigeria,12/1/2020,67330,1171,1.7392
Nigeria,12/1/2021,213982,2975,1.3903
Nigeria,12/1/2022,266313,3155,1.1847
Nigeria,12/1/2023,267173,3155,1.1809
Nigeria,12/10/2020,68937,1180,1.7117
Nigeria,12/10/2021,214567,2980,1.3888
Nigeria,12/10/2022,266350,3155,1.1845
Nigeria,12/10/2023,267173,3155,1.1809
Nigeria,12/11/2020,68937,1180,1.7117
Nigeria,12/11/2021,214567,2980,1.3888
Nigeria,12/11/2022,266381,3155,1.1844
Nigeria,12/11/2023,267173,3155,1.1809
Nigeria,12/12/2020,68937,1180,1.7117
Nigeria,12/12/2021,217063,2981,1.3733
Nigeria,12/12/2022,266381,3155,1.1844
Nigeria,12/12/2023,267173,3155,1.1809
Nigeria,12/13/2020,72757,1194,1.6411
Nigeria,12/13/2021,217063,2981,1.3733
Nigeria,12/13/2022,266381,3155,1.1844
Nigeria,12/13/2023,267173,3155,1.1809
Nigeria,12/14/2020,72757,1194,1.6411
Nigeria,12/14/2021,217063,2981,1.3733
Nigeria,12/14/2022,266381,3155,1.1844
Nigeria,12/14/2023,267173,3155,1.1809
Nigeria,12/15/2020,72757,1194,1.6411
Nigeria,12/15/2021,217063,2981,1.3733
Nigeria,12/15/2022,266381,3155,1.1844
Nigeria,12/15/2023,267173,3155,1.1809
Nigeria,12/16/2020,72757,1194,1.6411
Nigeria,12/16/2021,217063,2981,1.3733
Nigeria,12/16/2022,266381,3155,1.1844
Nigeria,12/16/2023,267173,3155,1.1809
Nigeria,12/17/2020,72757,1194,1.6411
Nigeria,12/17/2021,217063,2981,1.3733
Nigeria,12/17/2022,266381,3155,1.1844
Nigeria,12/17/2023,267173,3155,1.1809
Nigeria,12/18/2020,72757,1194,1.6411
Nigeria,12/18/2021,217063,2981,1.3733
Nigeria,12/18/2022,266398,3155,1.1843
Nigeria,12/18/2023,267173,3155,1.1809
Nigeria,12/19/2020,72757,1194,1.6411
Nigeria,12/19/2021,223483,2984,1.3352
Nigeria,12/19/2022,266398,3155,1.1843
Nigeria,12/19/2023,267173,3155,1.1809
Nigeria,12/2/2020,67330,1171,1.7392
Nigeria,12/2/2021,213982,2975,1.3903
Nigeria,12/2/2022,266313,3155,1.1847
Nigeria,12/2/2023,267173,3155,1.1809
Nigeria,12/20/2020,77933,1218,1.5629
Nigeria,12/20/2021,223483,2984,1.3352
Nigeria,12/20/2022,266398,3155,1.1843
Nigeria,12/20/2023,267173,3155,1.1809
Nigeria,12/21/2020,77933,1218,1.5629
Nigeria,12/21/2021,223483,2984,1.3352
Nigeria,12/21/2022,266398,3155,1.1843
Nigeria,12/21/2023,267173,3155,1.1809
Nigeria,12/22/2020,77933,1218,1.5629
Nigeria,12/22/2021,223483,2984,1.3352
Nigeria,12/22/2022,266398,3155,1.1843
Nigeria,12/22/2023,267173,3155,1.1809
Nigeria,12/23/2020,77933,1218,1.5629
Nigeria,12/23/2021,223483,2984,1.3352
Nigeria,12/23/2022,266398,3155,1.1843
Nigeria,12/23/2023,267173,3155,1.1809
Nigeria,12/24/2020,77933,1218,1.5629
Nigeria,12/24/2021,223483,2984,1.3352
Nigeria,12/24/2022,266398,3155,1.1843
Nigeria,12/24/2023,267173,3155,1.1809
Nigeria,12/25/2020,77933,1218,1.5629
Nigeria,12/25/2021,223483,2984,1.3352
Nigeria,12/25/2022,266415,3155,1.1842
Nigeria,12/25/2023,267173,3155,1.1809
Nigeria,12/26/2020,77933,1218,1.5629
Nigeria,12/26/2021,236014,3014,1.2770
Nigeria,12/26/2022,266415,3155,1.1842
Nigeria,12/26/2023,267173,3155,1.1809
Nigeria,12/27/2020,83576,1247,1.4921
Nigeria,12/27/2021,236014,3014,1.2770
Nigeria,12/27/2022,266415,3155,1.1842
Nigeria,12/27/2023,267173,3155,1.1809
Nigeria,12/28/2020,83576,1247,1.4921
Nigeria,12/28/2021,236014,3014,1.2770
Nigeria,12/28/2022,266415,3155,1.1842
Nigeria,12/28/2023,267173,3155,1.1809
Nigeria,12/29/2020,83576,1247,1.4921
Nigeria,12/29/2021,236014,3014,1.2770
Nigeria,12/29/2022,266415,3155,1.1842
Nigeria,12/29/2023,267173,3155,1.1809
Nigeria,12/3/2020,67330,1171,1.7392
Nigeria,12/3/2021,213982,2975,1.3903
Nigeria,12/3/2022,266313,3155,1.1847
Nigeria,12/3/2023,267173,3155,1.1809
Nigeria,12/30/2020,83576,1247,1.4921
Nigeria,12/30/2021,236014,3014,1.2770
Nigeria,12/30/2022,266415,3155,1.1842
Nigeria,12/30/2023,267173,3155,1.1809
Nigeria,12/31/2020,83576,1247,1.4921
Nigeria,12/31/2021,236014,3014,1.2770
Nigeria,12/31/2022,266415,3155,1.1842
Nigeria,12/31/2023,267188,3155,1.1808
Nigeria,12/4/2020,67330,1171,1.7392
Nigeria,12/4/2021,213982,2975,1.3903
Nigeria,12/4/2022,266350,3155,1.1845
Nigeria,12/4/2023,267173,3155,1.1809
Nigeria,12/5/2020,67330,1171,1.7392
Nigeria,12/5/2021,214567,2980,1.3888
Nigeria,12/5/2022,266350,3155,1.1845
Nigeria,12/5/2023,267173,3155,1.1809
Nigeria,12/6/2020,68937,1180,1.7117
Nigeria,12/6/2021,214567,2980,1.3888
Nigeria,12/6/2022,266350,3155,1.1845
Nigeria,12/6/2023,267173,3155,1.1809
Nigeria,12/7/2020,68937,1180,1.7117
Nigeria,12/7/2021,214567,2980,1.3888
Nigeria,12/7/2022,266350,3155,1.1845
Nigeria,12/7/2023,267173,3155,1.1809
Nigeria,12/8/2020,68937,1180,1.7117
Nigeria,12/8/2021,214567,2980,1.3888
Nigeria,12/8/2022,266350,3155,1.1845
Nigeria,12/8/2023,267173,3155,1.1809
Nigeria,12/9/2020,68937,1180,1.7117
Nigeria,12/9/2021,214567,2980,1.3888
Nigeria,12/9/2022,266350,3155,1.1845
Nigeria,12/9/2023,267173,3155,1.1809
Nigeria,2/1/2020,,,
Nigeria,2/1/2021,130557,1578,1.2087
Nigeria,2/1/2022,253020,3135,1.2390
Nigeria,2/1/2023,266463,3155,1.1840
Nigeria,2/1/2024,267188,3155,1.1808
Nigeria,2/10/2020,,,
Nigeria,2/10/2021,139242,1647,1.1828
Nigeria,2/10/2022,253685,3136,1.2362
Nigeria,2/10/2023,266463,3155,1.1840
Nigeria,2/10/2024,267188,3155,1.1808
Nigeria,2/11/2020,,,
Nigeria,2/11/2021,139242,1647,1.1828
Nigeria,2/11/2022,253685,3136,1.2362
Nigeria,2/11/2023,266463,3155,1.1840
Nigeria,2/11/2024,267188,3155,1.1808
Nigeria,2/12/2020,,,
Nigeria,2/12/2021,139242,1647,1.1828
Nigeria,2/12/2022,253685,3136,1.2362
Nigeria,2/12/2023,266463,3155,1.1840
Nigeria,2/12/2024,267188,3155,1.1808
Nigeria,2/13/2020,,,
Nigeria,2/13/2021,139242,1647,1.1828
Nigeria,2/13/2022,253970,3140,1.2364
Nigeria,2/13/2023,266463,3155,1.1840
Nigeria,2/13/2024,267188,3155,1.1808
Nigeria,2/14/2020,,,
Nigeria,2/14/2021,145664,1747,1.1993
Nigeria,2/14/2022,253970,3140,1.2364
Nigeria,2/14/2023,266463,3155,1.1840
Nigeria,2/14/2024,267188,3155,1.1808
Nigeria,2/15/2020,,,
Nigeria,2/15/2021,145664,1747,1.1993
Nigeria,2/15/2022,253970,3140,1.2364
Nigeria,2/15/2023,266463,3155,1.1840
Nigeria,2/15/2024,267188,3155,1.1808
Nigeria,2/16/2020,,,
Nigeria,2/16/2021,145664,1747,1.1993
Nigeria,2/16/2022,253970,3140,1.2364
Nigeria,2/16/2023,266463,3155,1.1840
Nigeria,2/16/2024,267188,3155,1.1808
Nigeria,2/17/2020,,,
Nigeria,2/17/2021,145664,1747,1.1993
Nigeria,2/17/2022,253970,3140,1.2364
Nigeria,2/17/2023,266463,3155,1.1840
Nigeria,2/17/2024,267188,3155,1.1808
Nigeria,2/18/2020,,,
Nigeria,2/18/2021,145664,1747,1.1993
Nigeria,2/18/2022,253970,3140,1.2364
Nigeria,2/18/2023,266463,3155,1.1840
Nigeria,2/18/2024,267188,3155,1.1808
Nigeria,2/19/2020,,,
Nigeria,2/19/2021,145664,1747,1.1993
Nigeria,2/19/2022,253970,3140,1.2364
Nigeria,2/19/2023,266593,3155,1.1835
Nigeria,2/19/2024,267188,3155,1.1808
Nigeria,2/2/2020,,,
Nigeria,2/2/2021,130557,1578,1.2087
Nigeria,2/2/2022,253020,3135,1.2390
Nigeria,2/2/2023,266463,3155,1.1840
Nigeria,2/2/2024,267188,3155,1.1808
Nigeria,2/20/2020,,,
Nigeria,2/20/2021,145664,1747,1.1993
Nigeria,2/20/2022,254243,3142,1.2358
Nigeria,2/20/2023,266593,3155,1.1835
Nigeria,2/20/2024,267188,3155,1.1808
Nigeria,2/21/2020,,,
Nigeria,2/21/2021,151553,1831,1.2082
Nigeria,2/21/2022,254243,3142,1.2358
Nigeria,2/21/2023,266593,3155,1.1835
Nigeria,2/21/2024,267188,3155,1.1808
Nigeria,2/22/2020,,,
Nigeria,2/22/2021,151553,1831,1.2082
Nigeria,2/22/2022,254243,3142,1.2358
Nigeria,2/22/2023,266593,3155,1.1835
Nigeria,2/22/2024,267188,3155,1.1808
Nigeria,2/23/2020,,,
Nigeria,2/23/2021,151553,1831,1.2082
Nigeria,2/23/2022,254243,3142,1.2358
Nigeria,2/23/2023,266593,3155,1.1835
Nigeria,2/23/2024,267188,3155,1.1808
Nigeria,2/24/2020,,,
Nigeria,2/24/2021,151553,1831,1.2082
Nigeria,2/24/2022,254243,3142,1.2358
Nigeria,2/24/2023,266593,3155,1.1835
Nigeria,2/24/2024,267188,3155,1.1808
Nigeria,2/25/2020,,,
Nigeria,2/25/2021,151553,1831,1.2082
Nigeria,2/25/2022,254243,3142,1.2358
Nigeria,2/25/2023,266593,3155,1.1835
Nigeria,2/25/2024,267188,3155,1.1808
Nigeria,2/26/2020,,,
Nigeria,2/26/2021,151553,1831,1.2082
Nigeria,2/26/2022,254243,3142,1.2358
Nigeria,2/26/2023,266598,3155,1.1834
Nigeria,2/26/2024,267188,3155,1.1808
Nigeria,2/27/2020,,,
Nigeria,2/27/2021,151553,1831,1.2082
Nigeria,2/27/2022,254501,3142,1.2346
Nigeria,2/27/2023,266598,3155,1.1834
Nigeria,2/27/2024,267188,3155,1.1808
Nigeria,2/28/2020,,,
Nigeria,2/28/2021,155417,1905,1.2257
Nigeria,2/28/2022,254501,3142,1.2346
Nigeria,2/28/2023,266598,3155,1.1834
Nigeria,2/28/2024,267188,3155,1.1808
Nigeria,2/29/2020,,,
Nigeria,2/29/2024,267188,3155,1.1808
Nigeria,2/3/2020,,,
Nigeria,2/3/2021,130557,1578,1.2087
Nigeria,2/3/2022,253020,3135,1.2390
Nigeria,2/3/2023,266463,3155,1.1840
Nigeria,2/3/2024,267188,3155,1.1808
Nigeria,2/4/2020,,,
Nigeria,2/4/2021,130557,1578,1.2087
Nigeria,2/4/2022,253020,3135,1.2390
Nigeria,2/4/2023,266463,3155,1.1840
Nigeria,2/4/2024,267188,3155,1.1808
Nigeria,2/5/2020,,,
Nigeria,2/5/2021,130557,1578,1.2087
Nigeria,2/5/2022,253020,3135,1.2390
Nigeria,2/5/2023,266463,3155,1.1840
Nigeria,2/5/2024,267188,3155,1.1808
Nigeria,2/6/2020,,,
Nigeria,2/6/2021,130557,1578,1.2087
Nigeria,2/6/2022,253685,3136,1.2362
Nigeria,2/6/2023,266463,3155,1.1840
Nigeria,2/6/2024,267188,3155,1.1808
Nigeria,2/7/2020,,,
Nigeria,2/7/2021,139242,1647,1.1828
Nigeria,2/7/2022,253685,3136,1.2362
Nigeria,2/7/2023,266463,3155,1.1840
Nigeria,2/7/2024,267188,3155,1.1808
Nigeria,2/8/2020,,,
Nigeria,2/8/2021,139242,1647,1.1828
Nigeria,2/8/2022,253685,3136,1.2362
Nigeria,2/8/2023,266463,3155,1.1840
Nigeria,2/8/2024,267188,3155,1.1808
Nigeria,2/9/2020,,,
Nigeria,2/9/2021,139242,1647,1.1828
Nigeria,2/9/2022,253685,3136,1.2362
Nigeria,2/9/2023,266463,3155,1.1840
Nigeria,2/9/2024,267188,3155,1.1808
Nigeria,3/1/2020,1,,
Nigeria,3/1/2021,155417,1905,1.2257
Nigeria,3/1/2022,254501,3142,1.2346
Nigeria,3/1/2023,266598,3155,1.1834
Nigeria,3/1/2024,267188,3155,1.1808
Nigeria,3/10/2020,1,,
Nigeria,3/10/2021,158237,1964,1.2412
Nigeria,3/10/2022,254637,3142,1.2339
Nigeria,3/10/2023,266628,3155,1.1833
Nigeria,3/10/2024,267188,3155,1.1808
Nigeria,3/11/2020,1,,
Nigeria,3/11/2021,158237,1964,1.2412
Nigeria,3/11/2022,254637,3142,1.2339
Nigeria,3/11/2023,266628,3155,1.1833
Nigeria,3/11/2024,267188,3155,1.1808
Nigeria,3/12/2020,1,,
Nigeria,3/12/2021,158237,1964,1.2412
Nigeria,3/12/2022,254637,3142,1.2339
Nigeria,3/12/2023,266641,3155,1.1832
Nigeria,3/12/2024,267188,3155,1.1808
Nigeria,3/13/2020,1,,
Nigeria,3/13/2021,158237,1964,1.2412
Nigeria,3/13/2022,254945,3142,1.2324
Nigeria,3/13/2023,266641,3155,1.1832
Nigeria,3/13/2024,267188,3155,1.1808
Nigeria,3/14/2020,1,,
Nigeria,3/14/2021,160537,2013,1.2539
Nigeria,3/14/2022,254945,3142,1.2324
Nigeria,3/14/2023,266641,3155,1.1832
Nigeria,3/14/2024,267188,3155,1.1808
Nigeria,3/15/2020,2,,
Nigeria,3/15/2021,160537,2013,1.2539
Nigeria,3/15/2022,254945,3142,1.2324
Nigeria,3/15/2023,266641,3155,1.1832
Nigeria,3/15/2024,267188,3155,1.1808
Nigeria,3/16/2020,2,,
Nigeria,3/16/2021,160537,2013,1.2539
Nigeria,3/16/2022,254945,3142,1.2324
Nigeria,3/16/2023,266641,3155,1.1832
Nigeria,3/16/2024,267188,3155,1.1808
Nigeria,3/17/2020,2,,
Nigeria,3/17/2021,160537,2013,1.2539
Nigeria,3/17/2022,254945,3142,1.2324
Nigeria,3/17/2023,266641,3155,1.1832
Nigeria,3/17/2024,267188,3155,1.1808
Nigeria,3/18/2020,2,,
Nigeria,3/18/2021,160537,2013,1.2539
Nigeria,3/18/2022,254945,3142,1.2324
Nigeria,3/18/2023,266641,3155,1.1832
Nigeria,3/19/2020,2,,
Nigeria,3/19/2021,160537,2013,1.2539
Nigeria,3/19/2022,254945,3142,1.2324
Nigeria,3/19/2023,266652,3155,1.1832
Nigeria,3/2/2020,1,,
Nigeria,3/2/2021,155417,1905,1.2257
Nigeria,3/2/2022,254501,3142,1.2346
Nigeria,3/2/2023,266598,3155,1.1834
Nigeria,3/2/2024,267188,3155,1.1808
Nigeria,3/20/2020,2,,
Nigeria,3/20/2021,160537,2013,1.2539
Nigeria,3/20/2022,255103,3142,1.2317
Nigeria,3/20/2023,266652,3155,1.1832
Nigeria,3/21/2020,2,,
Nigeria,3/21/2021,161651,2030,1.2558
Nigeria,3/21/2022,255103,3142,1.2317
Nigeria,3/21/2023,266652,3155,1.1832
Nigeria,3/22/2020,26,,
Nigeria,3/22/2021,161651,2030,1.2558
Nigeria,3/22/2022,255103,3142,1.2317
Nigeria,3/22/2023,266652,3155,1.1832
Nigeria,3/23/2020,26,,
Nigeria,3/23/2021,161651,2030,1.2558
Nigeria,3/23/2022,255103,3142,1.2317
Nigeria,3/23/2023,266652,3155,1.1832
Nigeria,3/24/2020,26,,
Nigeria,3/24/2021,161651,2030,1.2558
Nigeria,3/24/2022,255103,3142,1.2317
Nigeria,3/24/2023,266652,3155,1.1832
Nigeria,3/25/2020,26,,
Nigeria,3/25/2021,161651,2030,1.2558
Nigeria,3/25/2022,255103,3142,1.2317
Nigeria,3/25/2023,266652,3155,1.1832
Nigeria,3/26/2020,26,,
Nigeria,3/26/2021,161651,2030,1.2558
Nigeria,3/26/2022,255103,3142,1.2317
Nigeria,3/26/2023,266660,3155,1.1832
Nigeria,3/27/2020,26,,
Nigeria,3/27/2021,161651,2030,1.2558
Nigeria,3/27/2022,255296,3142,1.2307
Nigeria,3/27/2023,266660,3155,1.1832
Nigeria,3/28/2020,26,,
Nigeria,3/28/2021,162489,2041,1.2561
Nigeria,3/28/2022,255296,3142,1.2307
Nigeria,3/28/2023,266660,3155,1.1832
Nigeria,3/29/2020,97,3,3.0928
Nigeria,3/29/2021,162489,2041,1.2561
Nigeria,3/29/2022,255296,3142,1.2307
Nigeria,3/29/2023,266660,3155,1.1832
Nigeria,3/3/2020,1,,
Nigeria,3/3/2021,155417,1905,1.2257
Nigeria,3/3/2022,254501,3142,1.2346
Nigeria,3/3/2023,266598,3155,1.1834
Nigeria,3/3/2024,267188,3155,1.1808
Nigeria,3/30/2020,97,3,3.0928
Nigeria,3/30/2021,162489,2041,1.2561
Nigeria,3/30/2022,255296,3142,1.2307
Nigeria,3/30/2023,266660,3155,1.1832
Nigeria,3/31/2020,97,3,3.0928
Nigeria,3/31/2021,162489,2041,1.2561
Nigeria,3/31/2022,255296,3142,1.2307
Nigeria,3/31/2023,266660,3155,1.1832
Nigeria,3/4/2020,1,,
Nigeria,3/4/2021,155417,1905,1.2257
Nigeria,3/4/2022,254501,3142,1.2346
Nigeria,3/4/2023,266598,3155,1.1834
Nigeria,3/4/2024,267188,3155,1.1808
Nigeria,3/5/2020,1,,
Nigeria,3/5/2021,155417,1905,1.2257
Nigeria,3/5/2022,254501,3142,1.2346
Nigeria,3/5/2023,266628,3155,1.1833
Nigeria,3/5/2024,267188,3155,1.1808
Nigeria,3/6/2020,1,,
Nigeria,3/6/2021,155417,1905,1.2257
Nigeria,3/6/2022,254637,3142,1.2339
Nigeria,3/6/2023,266628,3155,1.1833
Nigeria,3/6/2024,267188,3155,1.1808
Nigeria,3/7/2020,1,,
Nigeria,3/7/2021,158237,1964,1.2412
Nigeria,3/7/2022,254637,3142,1.2339
Nigeria,3/7/2023,266628,3155,1.1833
Nigeria,3/7/2024,267188,3155,1.1808
Nigeria,3/8/2020,1,,
Nigeria,3/8/2021,158237,1964,1.2412
Nigeria,3/8/2022,254637,3142,1.2339
Nigeria,3/8/2023,266628,3155,1.1833
Nigeria,3/8/2024,267188,3155,1.1808
Nigeria,3/9/2020,1,,
Nigeria,3/9/2021,158237,1964,1.2412
Nigeria,3/9/2022,254637,3142,1.2339
Nigeria,3/9/2023,266628,3155,1.1833
Nigeria,3/9/2024,267188,3155,1.1808
Nigeria,4/1/2020,97,3,3.0928
Nigeria,4/1/2021,162489,2041,1.2561
Nigeria,4/1/2022,255296,3142,1.2307
Nigeria,4/1/2023,266660,3155,1.1832
Nigeria,4/10/2020,214,7,3.2710
Nigeria,4/10/2021,163113,2058,1.2617
Nigeria,4/10/2022,255606,3142,1.2292
Nigeria,4/10/2023,266675,3155,1.1831
Nigeria,4/11/2020,214,7,3.2710
Nigeria,4/11/2021,163736,2060,1.2581
Nigeria,4/11/2022,255606,3142,1.2292
Nigeria,4/11/2023,266675,3155,1.1831
Nigeria,4/12/2020,318,12,3.7736
Nigeria,4/12/2021,163736,2060,1.2581
Nigeria,4/12/2022,255606,3142,1.2292
Nigeria,4/12/2023,266675,3155,1.1831
Nigeria,4/13/2020,318,12,3.7736
Nigeria,4/13/2021,163736,2060,1.2581
Nigeria,4/13/2022,255606,3142,1.2292
Nigeria,4/13/2023,266675,3155,1.1831
Nigeria,4/14/2020,318,12,3.7736
Nigeria,4/14/2021,163736,2060,1.2581
Nigeria,4/14/2022,255606,3142,1.2292
Nigeria,4/14/2023,266675,3155,1.1831
Nigeria,4/15/2020,318,12,3.7736
Nigeria,4/15/2021,163736,2060,1.2581
Nigeria,4/15/2022,255606,3142,1.2292
Nigeria,4/15/2023,266675,3155,1.1831
Nigeria,4/16/2020,318,12,3.7736
Nigeria,4/16/2021,163736,2060,1.2581
Nigeria,4/16/2022,255606,3142,1.2292
Nigeria,4/16/2023,266675,3155,1.1831
Nigeria,4/17/2020,318,12,3.7736
Nigeria,4/17/2021,163736,2060,1.2581
Nigeria,4/17/2022,255648,3143,1.2294
Nigeria,4/17/2023,266675,3155,1.1831
Nigeria,4/18/2020,318,12,3.7736
Nigeria,4/18/2021,164207,2061,1.2551
Nigeria,4/18/2022,255648,3143,1.2294
Nigeria,4/18/2023,266675,3155,1.1831
Nigeria,4/19/2020,541,21,3.8817
Nigeria,4/19/2021,164207,2061,1.2551
Nigeria,4/19/2022,255648,3143,1.2294
Nigeria,4/19/2023,266675,3155,1.1831
Nigeria,4/2/2020,97,3,3.0928
Nigeria,4/2/2021,162489,2041,1.2561
Nigeria,4/2/2022,255296,3142,1.2307
Nigeria,4/2/2023,266665,3155,1.1831
Nigeria,4/20/2020,541,21,3.8817
Nigeria,4/20/2021,164207,2061,1.2551
Nigeria,4/20/2022,255648,3143,1.2294
Nigeria,4/20/2023,266675,3155,1.1831
Nigeria,4/21/2020,541,21,3.8817
Nigeria,4/21/2021,164207,2061,1.2551
Nigeria,4/21/2022,255648,3143,1.2294
Nigeria,4/21/2023,266675,3155,1.1831
Nigeria,4/22/2020,541,21,3.8817
Nigeria,4/22/2021,164207,2061,1.2551
Nigeria,4/22/2022,255648,3143,1.2294
Nigeria,4/22/2023,266675,3155,1.1831
Nigeria,4/23/2020,541,21,3.8817
Nigeria,4/23/2021,164207,2061,1.2551
Nigeria,4/23/2022,255648,3143,1.2294
Nigeria,4/23/2023,266675,3155,1.1831
Nigeria,4/24/2020,541,21,3.8817
Nigeria,4/24/2021,164207,2061,1.2551
Nigeria,4/24/2022,255685,3143,1.2292
Nigeria,4/24/2023,266675,3155,1.1831
Nigeria,4/25/2020,541,21,3.8817
Nigeria,4/25/2021,164684,2061,1.2515
Nigeria,4/25/2022,255685,3143,1.2292
Nigeria,4/25/2023,266675,3155,1.1831
Nigeria,4/26/2020,1182,37,3.1303
Nigeria,4/26/2021,164684,2061,1.2515
Nigeria,4/26/2022,255685,3143,1.2292
Nigeria,4/26/2023,266675,3155,1.1831
Nigeria,4/27/2020,1182,37,3.1303
Nigeria,4/27/2021,164684,2061,1.2515
Nigeria,4/27/2022,255685,3143,1.2292
Nigeria,4/27/2023,266675,3155,1.1831
Nigeria,4/28/2020,1182,37,3.1303
Nigeria,4/28/2021,164684,2061,1.2515
Nigeria,4/28/2022,255685,3143,1.2292
Nigeria,4/28/2023,266675,3155,1.1831
Nigeria,4/29/2020,1182,37,3.1303
Nigeria,4/29/2021,164684,2061,1.2515
Nigeria,4/29/2022,255685,3143,1.2292
Nigeria,4/29/2023,266675,3155,1.1831
Nigeria,4/3/2020,97,3,3.0928
Nigeria,4/3/2021,162489,2041,1.2561
Nigeria,4/3/2022,255468,3142,1.2299
Nigeria,4/3/2023,266665,3155,1.1831
Nigeria,4/30/2020,1182,37,3.1303
Nigeria,4/30/2021,164684,2061,1.2515
Nigeria,4/30/2022,255685,3143,1.2292
Nigeria,4/30/2023,266675,3155,1.1831
Nigeria,4/4/2020,97,3,3.0928
Nigeria,4/4/2021,163113,2058,1.2617
Nigeria,4/4/2022,255468,3142,1.2299
Nigeria,4/4/2023,266665,3155,1.1831
Nigeria,4/5/2020,214,7,3.2710
Nigeria,4/5/2021,163113,2058,1.2617
Nigeria,4/5/2022,255468,3142,1.2299
Nigeria,4/5/2023,266665,3155,1.1831
Nigeria,4/6/2020,214,7,3.2710
Nigeria,4/6/2021,163113,2058,1.2617
Nigeria,4/6/2022,255468,3142,1.2299
Nigeria,4/6/2023,266665,3155,1.1831
Nigeria,4/7/2020,214,7,3.2710
Nigeria,4/7/2021,163113,2058,1.2617
Nigeria,4/7/2022,255468,3142,1.2299
Nigeria,4/7/2023,266665,3155,1.1831
Nigeria,4/8/2020,214,7,3.2710
Nigeria,4/8/2021,163113,2058,1.2617
Nigeria,4/8/2022,255468,3142,1.2299
Nigeria,4/8/2023,266665,3155,1.1831
Nigeria,4/9/2020,214,7,3.2710
Nigeria,4/9/2021,163113,2058,1.2617
Nigeria,4/9/2022,255468,3142,1.2299
Nigeria,4/9/2023,266675,3155,1.1831
Nigeria,5/1/2020,1182,37,3.1303
Nigeria,5/1/2021,164684,2061,1.2515
Nigeria,5/1/2022,255716,3143,1.2291
Nigeria,5/1/2023,266675,3155,1.1831
Nigeria,5/10/2020,4151,128,3.0836
Nigeria,5/10/2021,165382,2065,1.2486
Nigeria,5/10/2022,255766,3143,1.2289
Nigeria,5/10/2023,266675,3155,1.1831
Nigeria,5/11/2020,4151,128,3.0836
Nigeria,5/11/2021,165382,2065,1.2486
Nigeria,5/11/2022,255766,3143,1.2289
Nigeria,5/11/2023,266675,3155,1.1831
Nigeria,5/12/2020,4151,128,3.0836
Nigeria,5/12/2021,165382,2065,1.2486
Nigeria,5/12/2022,255766,3143,1.2289
Nigeria,5/12/2023,266675,3155,1.1831
Nigeria,5/13/2020,4151,128,3.0836
Nigeria,5/13/2021,165382,2065,1.2486
Nigeria,5/13/2022,255766,3143,1.2289
Nigeria,5/13/2023,266675,3155,1.1831
Nigeria,5/14/2020,4151,128,3.0836
Nigeria,5/14/2021,165382,2065,1.2486
Nigeria,5/14/2022,255766,3143,1.2289
Nigeria,5/14/2023,266675,3155,1.1831
Nigeria,5/15/2020,4151,128,3.0836
Nigeria,5/15/2021,165382,2065,1.2486
Nigeria,5/15/2022,255859,3143,1.2284
Nigeria,5/15/2023,266675,3155,1.1831
Nigeria,5/16/2020,4151,128,3.0836
Nigeria,5/16/2021,165702,2066,1.2468
Nigeria,5/16/2022,255859,3143,1.2284
Nigeria,5/16/2023,266675,3155,1.1831
Nigeria,5/17/2020,5621,176,3.1311
Nigeria,5/17/2021,165702,2066,1.2468
Nigeria,5/17/2022,255859,3143,1.2284
Nigeria,5/17/2023,266675,3155,1.1831
Nigeria,5/18/2020,5621,176,3.1311
Nigeria,5/18/2021,165702,2066,1.2468
Nigeria,5/18/2022,255859,3143,1.2284
Nigeria,5/18/2023,266675,3155,1.1831
Nigeria,5/19/2020,5621,176,3.1311
Nigeria,5/19/2021,165702,2066,1.2468
Nigeria,5/19/2022,255859,3143,1.2284
Nigeria,5/19/2023,266675,3155,1.1831
Nigeria,5/2/2020,1182,37,3.1303
Nigeria,5/2/2021,165153,2063,1.2491
Nigeria,5/2/2022,255716,3143,1.2291
Nigeria,5/2/2023,266675,3155,1.1831
Nigeria,5/20/2020,5621,176,3.1311
Nigeria,5/20/2021,165702,2066,1.2468
Nigeria,5/20/2022,255859,3143,1.2284
Nigeria,5/20/2023,266675,3155,1.1831
Nigeria,5/21/2020,5621,176,3.1311
Nigeria,5/21/2021,165702,2066,1.2468
Nigeria,5/21/2022,255859,3143,1.2284
Nigeria,5/21/2023,266675,3155,1.1831
Nigeria,5/22/2020,5621,176,3.1311
Nigeria,5/22/2021,165702,2066,1.2468
Nigeria,5/22/2022,255937,3143,1.2280
Nigeria,5/22/2023,266675,3155,1.1831
Nigeria,5/23/2020,5621,176,3.1311
Nigeria,5/23/2021,165979,2067,1.2453
Nigeria,5/23/2022,255937,3143,1.2280
Nigeria,5/23/2023,266675,3155,1.1831
Nigeria,5/24/2020,7526,221,2.9365
Nigeria,5/24/2021,165979,2067,1.2453
Nigeria,5/24/2022,255937,3143,1.2280
Nigeria,5/24/2023,266675,3155,1.1831
Nigeria,5/25/2020,7526,221,2.9365
Nigeria,5/25/2021,165979,2067,1.2453
Nigeria,5/25/2022,255937,3143,1.2280
Nigeria,5/25/2023,266675,3155,1.1831
Nigeria,5/26/2020,7526,221,2.9365
Nigeria,5/26/2021,165979,2067,1.2453
Nigeria,5/26/2022,255937,3143,1.2280
Nigeria,5/26/2023,266675,3155,1.1831
Nigeria,5/27/2020,7526,221,2.9365
Nigeria,5/27/2021,165979,2067,1.2453
Nigeria,5/27/2022,255937,3143,1.2280
Nigeria,5/27/2023,266675,3155,1.1831
Nigeria,5/28/2020,7526,221,2.9365
Nigeria,5/28/2021,165979,2067,1.2453
Nigeria,5/28/2022,255937,3143,1.2280
Nigeria,5/28/2023,266675,3155,1.1831
Nigeria,5/29/2020,7526,221,2.9365
Nigeria,5/29/2021,165979,2067,1.2453
Nigeria,5/29/2022,256028,3143,1.2276
Nigeria,5/29/2023,266675,3155,1.1831
Nigeria,5/3/2020,2388,87,3.6432
Nigeria,5/3/2021,165153,2063,1.2491
Nigeria,5/3/2022,255716,3143,1.2291
Nigeria,5/3/2023,266675,3155,1.1831
Nigeria,5/30/2020,7526,221,2.9365
Nigeria,5/30/2021,166285,2071,1.2455
Nigeria,5/30/2022,256028,3143,1.2276
Nigeria,5/30/2023,266675,3155,1.1831
Nigeria,5/31/2020,9855,273,2.7702
Nigeria,5/31/2021,166285,2071,1.2455
Nigeria,5/31/2022,256028,3143,1.2276
Nigeria,5/31/2023,266675,3155,1.1831
Nigeria,5/4/2020,2388,87,3.6432
Nigeria,5/4/2021,165153,2063,1.2491
Nigeria,5/4/2022,255716,3143,1.2291
Nigeria,5/4/2023,266675,3155,1.1831
Nigeria,5/5/2020,2388,87,3.6432
Nigeria,5/5/2021,165153,2063,1.2491
Nigeria,5/5/2022,255716,3143,1.2291
Nigeria,5/5/2023,266675,3155,1.1831
Nigeria,5/6/2020,2388,87,3.6432
Nigeria,5/6/2021,165153,2063,1.2491
Nigeria,5/6/2022,255716,3143,1.2291
Nigeria,5/6/2023,266675,3155,1.1831
Nigeria,5/7/2020,2388,87,3.6432
Nigeria,5/7/2021,165153,2063,1.2491
Nigeria,5/7/2022,255716,3143,1.2291
Nigeria,5/7/2023,266675,3155,1.1831
Nigeria,5/8/2020,2388,87,3.6432
Nigeria,5/8/2021,165153,2063,1.2491
Nigeria,5/8/2022,255766,3143,1.2289
Nigeria,5/8/2023,266675,3155,1.1831
Nigeria,5/9/2020,2388,87,3.6432
Nigeria,5/9/2021,165382,2065,1.2486
Nigeria,5/9/2022,255766,3143,1.2289
Nigeria,5/9/2023,266675,3155,1.1831
Nigeria,6/1/2020,9855,273,2.7702
Nigeria,6/1/2021,166285,2071,1.2455
Nigeria,6/1/2022,256028,3143,1.2276
Nigeria,6/1/2023,266675,3155,1.1831
Nigeria,6/10/2020,12233,342,2.7957
Nigeria,6/10/2021,166756,2117,1.2695
Nigeria,6/10/2022,256148,3143,1.2270
Nigeria,6/10/2023,266675,3155,1.1831
Nigeria,6/11/2020,12233,342,2.7957
Nigeria,6/11/2021,166756,2117,1.2695
Nigeria,6/11/2022,256148,3143,1.2270
Nigeria,6/11/2023,266675,3155,1.1831
Nigeria,6/12/2020,12233,342,2.7957
Nigeria,6/12/2021,166756,2117,1.2695
Nigeria,6/12/2022,256352,3144,1.2264
Nigeria,6/12/2023,266675,3155,1.1831
Nigeria,6/13/2020,12233,342,2.7957
Nigeria,6/13/2021,167059,2117,1.2672
Nigeria,6/13/2022,256352,3144,1.2264
Nigeria,6/13/2023,266675,3155,1.1831
Nigeria,6/14/2020,15682,406,2.5890
Nigeria,6/14/2021,167059,2117,1.2672
Nigeria,6/14/2022,256352,3144,1.2264
Nigeria,6/14/2023,266675,3155,1.1831
Nigeria,6/15/2020,15682,406,2.5890
Nigeria,6/15/2021,167059,2117,1.2672
Nigeria,6/15/2022,256352,3144,1.2264
Nigeria,6/15/2023,266675,3155,1.1831
Nigeria,6/16/2020,15682,406,2.5890
Nigeria,6/16/2021,167059,2117,1.2672
Nigeria,6/16/2022,256352,3144,1.2264
Nigeria,6/16/2023,266675,3155,1.1831
Nigeria,6/17/2020,15682,406,2.5890
Nigeria,6/17/2021,167059,2117,1.2672
Nigeria,6/17/2022,256352,3144,1.2264
Nigeria,6/17/2023,266675,3155,1.1831
Nigeria,6/18/2020,15682,406,2.5890
Nigeria,6/18/2021,167059,2117,1.2672
Nigeria,6/18/2022,256352,3144,1.2264
Nigeria,6/18/2023,266675,3155,1.1831
Nigeria,6/19/2020,15682,406,2.5890
Nigeria,6/19/2021,167059,2117,1.2672
Nigeria,6/19/2022,256573,3144,1.2254
Nigeria,6/19/2023,266675,3155,1.1831
Nigeria,6/2/2020,9855,273,2.7702
Nigeria,6/2/2021,166285,2071,1.2455
Nigeria,6/2/2022,256028,3143,1.2276
Nigeria,6/2/2023,266675,3155,1.1831
Nigeria,6/20/2020,15682,406,2.5890
Nigeria,6/20/2021,167155,2117,1.2665
Nigeria,6/20/2022,256573,3144,1.2254
Nigeria,6/20/2023,266675,3155,1.1831
Nigeria,6/21/2020,19808,506,2.5545
Nigeria,6/21/2021,167155,2117,1.2665
Nigeria,6/21/2022,256573,3144,1.2254
Nigeria,6/21/2023,266675,3155,1.1831
Nigeria,6/22/2020,19808,506,2.5545
Nigeria,6/22/2021,167155,2117,1.2665
Nigeria,6/22/2022,256573,3144,1.2254
Nigeria,6/22/2023,266675,3155,1.1831
Nigeria,6/23/2020,19808,506,2.5545
Nigeria,6/23/2021,167155,2117,1.2665
Nigeria,6/23/2022,256573,3144,1.2254
Nigeria,6/23/2023,266675,3155,1.1831
Nigeria,6/24/2020,19808,506,2.5545
Nigeria,6/24/2021,167155,2117,1.2665
Nigeria,6/24/2022,256573,3144,1.2254
Nigeria,6/24/2023,266675,3155,1.1831
Nigeria,6/25/2020,19808,506,2.5545
Nigeria,6/25/2021,167155,2117,1.2665
Nigeria,6/25/2022,256573,3144,1.2254
Nigeria,6/25/2023,266675,3155,1.1831
Nigeria,6/26/2020,19808,506,2.5545
Nigeria,6/26/2021,167155,2117,1.2665
Nigeria,6/26/2022,256958,3144,1.2235
Nigeria,6/26/2023,266675,3155,1.1831
Nigeria,6/27/2020,19808,506,2.5545
Nigeria,6/27/2021,167465,2119,1.2653
Nigeria,6/27/2022,256958,3144,1.2235
Nigeria,6/27/2023,266675,3155,1.1831
Nigeria,6/28/2020,24077,558,2.3176
Nigeria,6/28/2021,167465,2119,1.2653
Nigeria,6/28/2022,256958,3144,1.2235
Nigeria,6/28/2023,266675,3155,1.1831
Nigeria,6/29/2020,24077,558,2.3176
Nigeria,6/29/2021,167465,2119,1.2653
Nigeria,6/29/2022,256958,3144,1.2235
Nigeria,6/29/2023,266675,3155,1.1831
Nigeria,6/3/2020,9855,273,2.7702
Nigeria,6/3/2021,166285,2071,1.2455
Nigeria,6/3/2022,256028,3143,1.2276
Nigeria,6/3/2023,266675,3155,1.1831
Nigeria,6/30/2020,24077,558,2.3176
Nigeria,6/30/2021,167465,2119,1.2653
Nigeria,6/30/2022,256958,3144,1.2235
Nigeria,6/30/2023,266675,3155,1.1831
Nigeria,6/4/2020,9855,273,2.7702
Nigeria,6/4/2021,166285,2071,1.2455
Nigeria,6/4/2022,256028,3143,1.2276
Nigeria,6/4/2023,266675,3155,1.1831
Nigeria,6/5/2020,9855,273,2.7702
Nigeria,6/5/2021,166285,2071,1.2455
Nigeria,6/5/2022,256148,3143,1.2270
Nigeria,6/5/2023,266675,3155,1.1831
Nigeria,6/6/2020,9855,273,2.7702
Nigeria,6/6/2021,166756,2117,1.2695
Nigeria,6/6/2022,256148,3143,1.2270
Nigeria,6/6/2023,266675,3155,1.1831
Nigeria,6/7/2020,12233,342,2.7957
Nigeria,6/7/2021,166756,2117,1.2695
Nigeria,6/7/2022,256148,3143,1.2270
Nigeria,6/7/2023,266675,3155,1.1831
Nigeria,6/8/2020,12233,342,2.7957
Nigeria,6/8/2021,166756,2117,1.2695
Nigeria,6/8/2022,256148,3143,1.2270
Nigeria,6/8/2023,266675,3155,1.1831
Nigeria,6/9/2020,12233,342,2.7957
Nigeria,6/9/2021,166756,2117,1.2695
Nigeria,6/9/2022,256148,3143,1.2270
Nigeria,6/9/2023,266675,3155,1.1831
Nigeria,7/1/2020,24077,558,2.3176
Nigeria,7/1/2021,167465,2119,1.2653
Nigeria,7/1/2022,256958,3144,1.2235
Nigeria,7/1/2023,266675,3155,1.1831
Nigeria,7/10/2020,28167,634,2.2509
Nigeria,7/10/2021,167803,2121,1.2640
Nigeria,7/10/2022,258517,3144,1.2162
Nigeria,7/10/2023,266675,3155,1.1831
Nigeria,7/11/2020,28167,634,2.2509
Nigeria,7/11/2021,168540,2122,1.2590
Nigeria,7/11/2022,258517,3144,1.2162
Nigeria,7/11/2023,266675,3155,1.1831
Nigeria,7/12/2020,31987,724,2.2634
Nigeria,7/12/2021,168540,2122,1.2590
Nigeria,7/12/2022,258517,3144,1.2162
Nigeria,7/12/2023,266675,3155,1.1831
Nigeria,7/13/2020,31987,724,2.2634
Nigeria,7/13/2021,168540,2122,1.2590
Nigeria,7/13/2022,258517,3144,1.2162
Nigeria,7/13/2023,266675,3155,1.1831
Nigeria,7/14/2020,31987,724,2.2634
Nigeria,7/14/2021,168540,2122,1.2590
Nigeria,7/14/2022,258517,3144,1.2162
Nigeria,7/14/2023,266675,3155,1.1831
Nigeria,7/15/2020,31987,724,2.2634
Nigeria,7/15/2021,168540,2122,1.2590
Nigeria,7/15/2022,258517,3144,1.2162
Nigeria,7/15/2023,266675,3155,1.1831
Nigeria,7/16/2020,31987,724,2.2634
Nigeria,7/16/2021,168540,2122,1.2590
Nigeria,7/16/2022,258517,3144,1.2162
Nigeria,7/16/2023,266675,3155,1.1831
Nigeria,7/17/2020,31987,724,2.2634
Nigeria,7/17/2021,168540,2122,1.2590
Nigeria,7/17/2022,259007,3144,1.2139
Nigeria,7/17/2023,266675,3155,1.1831
Nigeria,7/18/2020,31987,724,2.2634
Nigeria,7/18/2021,169329,2126,1.2555
Nigeria,7/18/2022,259007,3144,1.2139
Nigeria,7/18/2023,266675,3155,1.1831
Nigeria,7/19/2020,36107,778,2.1547
Nigeria,7/19/2021,169329,2126,1.2555
Nigeria,7/19/2022,259007,3144,1.2139
Nigeria,7/19/2023,266675,3155,1.1831
Nigeria,7/2/2020,24077,558,2.3176
Nigeria,7/2/2021,167465,2119,1.2653
Nigeria,7/2/2022,256958,3144,1.2235
Nigeria,7/2/2023,266675,3155,1.1831
Nigeria,7/20/2020,36107,778,2.1547
Nigeria,7/20/2021,169329,2126,1.2555
Nigeria,7/20/2022,259007,3144,1.2139
Nigeria,7/20/2023,266675,3155,1.1831
Nigeria,7/21/2020,36107,778,2.1547
Nigeria,7/21/2021,169329,2126,1.2555
Nigeria,7/21/2022,259007,3144,1.2139
Nigeria,7/21/2023,266675,3155,1.1831
Nigeria,7/22/2020,36107,778,2.1547
Nigeria,7/22/2021,169329,2126,1.2555
Nigeria,7/22/2022,259007,3144,1.2139
Nigeria,7/22/2023,266675,3155,1.1831
Nigeria,7/23/2020,36107,778,2.1547
Nigeria,7/23/2021,169329,2126,1.2555
Nigeria,7/23/2022,259007,3144,1.2139
Nigeria,7/23/2023,266675,3155,1.1831
Nigeria,7/24/2020,36107,778,2.1547
Nigeria,7/24/2021,169329,2126,1.2555
Nigeria,7/24/2022,259485,3146,1.2124
Nigeria,7/24/2023,266675,3155,1.1831
Nigeria,7/25/2020,36107,778,2.1547
Nigeria,7/25/2021,170895,2132,1.2475
Nigeria,7/25/2022,259485,3146,1.2124
Nigeria,7/25/2023,266675,3155,1.1831
Nigeria,7/26/2020,39977,856,2.1412
Nigeria,7/26/2021,170895,2132,1.2475
Nigeria,7/26/2022,259485,3146,1.2124
Nigeria,7/26/2023,266675,3155,1.1831
Nigeria,7/27/2020,39977,856,2.1412
Nigeria,7/27/2021,170895,2132,1.2475
Nigeria,7/27/2022,259485,3146,1.2124
Nigeria,7/27/2023,266675,3155,1.1831
Nigeria,7/28/2020,39977,856,2.1412
Nigeria,7/28/2021,170895,2132,1.2475
Nigeria,7/28/2022,259485,3146,1.2124
Nigeria,7/28/2023,266675,3155,1.1831
Nigeria,7/29/2020,39977,856,2.1412
Nigeria,7/29/2021,170895,2132,1.2475
Nigeria,7/29/2022,259485,3146,1.2124
Nigeria,7/29/2023,266675,3155,1.1831
Nigeria,7/3/2020,24077,558,2.3176
Nigeria,7/3/2021,167465,2119,1.2653
Nigeria,7/3/2022,257637,3144,1.2203
Nigeria,7/3/2023,266675,3155,1.1831
Nigeria,7/30/2020,39977,856,2.1412
Nigeria,7/30/2021,170895,2132,1.2475
Nigeria,7/30/2022,259485,3146,1.2124
Nigeria,7/30/2023,266675,3155,1.1831
Nigeria,7/31/2020,39977,856,2.1412
Nigeria,7/31/2021,170895,2132,1.2475
Nigeria,7/31/2022,260977,3147,1.2059
Nigeria,7/31/2023,266675,3155,1.1831
Nigeria,7/4/2020,24077,558,2.3176
Nigeria,7/4/2021,167803,2121,1.2640
Nigeria,7/4/2022,257637,3144,1.2203
Nigeria,7/4/2023,266675,3155,1.1831
Nigeria,7/5/2020,28167,634,2.2509
Nigeria,7/5/2021,167803,2121,1.2640
Nigeria,7/5/2022,257637,3144,1.2203
Nigeria,7/5/2023,266675,3155,1.1831
Nigeria,7/6/2020,28167,634,2.2509
Nigeria,7/6/2021,167803,2121,1.2640
Nigeria,7/6/2022,257637,3144,1.2203
Nigeria,7/6/2023,266675,3155,1.1831
Nigeria,7/7/2020,28167,634,2.2509
Nigeria,7/7/2021,167803,2121,1.2640
Nigeria,7/7/2022,257637,3144,1.2203
Nigeria,7/7/2023,266675,3155,1.1831
Nigeria,7/8/2020,28167,634,2.2509
Nigeria,7/8/2021,167803,2121,1.2640
Nigeria,7/8/2022,257637,3144,1.2203
Nigeria,7/8/2023,266675,3155,1.1831
Nigeria,7/9/2020,28167,634,2.2509
Nigeria,7/9/2021,167803,2121,1.2640
Nigeria,7/9/2022,257637,3144,1.2203
Nigeria,7/9/2023,266675,3155,1.1831
Nigeria,8/1/2020,39977,856,2.1412
Nigeria,8/1/2021,173908,2149,1.2357
Nigeria,8/1/2022,260977,3147,1.2059
Nigeria,8/1/2023,266675,3155,1.1831
Nigeria,8/10/2020,46140,942,2.0416
Nigeria,8/10/2021,177615,2185,1.2302
Nigeria,8/10/2022,261885,3147,1.2017
Nigeria,8/10/2023,266675,3155,1.1831
Nigeria,8/11/2020,46140,942,2.0416
Nigeria,8/11/2021,177615,2185,1.2302
Nigeria,8/11/2022,261885,3147,1.2017
Nigeria,8/11/2023,266675,3155,1.1831
Nigeria,8/12/2020,46140,942,2.0416
Nigeria,8/12/2021,177615,2185,1.2302
Nigeria,8/12/2022,261885,3147,1.2017
Nigeria,8/12/2023,266675,3155,1.1831
Nigeria,8/13/2020,46140,942,2.0416
Nigeria,8/13/2021,177615,2185,1.2302
Nigeria,8/13/2022,261885,3147,1.2017
Nigeria,8/13/2023,267036,3155,1.1815
Nigeria,8/14/2020,46140,942,2.0416
Nigeria,8/14/2021,177615,2185,1.2302
Nigeria,8/14/2022,262520,3147,1.1988
Nigeria,8/14/2023,267036,3155,1.1815
Nigeria,8/15/2020,46140,942,2.0416
Nigeria,8/15/2021,181962,2219,1.2195
Nigeria,8/15/2022,262520,3147,1.1988
Nigeria,8/15/2023,267036,3155,1.1815
Nigeria,8/16/2020,48770,974,1.9971
Nigeria,8/16/2021,181962,2219,1.2195
Nigeria,8/16/2022,262520,3147,1.1988
Nigeria,8/16/2023,267036,3155,1.1815
Nigeria,8/17/2020,48770,974,1.9971
Nigeria,8/17/2021,181962,2219,1.2195
Nigeria,8/17/2022,262520,3147,1.1988
Nigeria,8/17/2023,267036,3155,1.1815
Nigeria,8/18/2020,48770,974,1.9971
Nigeria,8/18/2021,181962,2219,1.2195
Nigeria,8/18/2022,262520,3147,1.1988
Nigeria,8/18/2023,267036,3155,1.1815
Nigeria,8/19/2020,48770,974,1.9971
Nigeria,8/19/2021,181962,2219,1.2195
Nigeria,8/19/2022,262520,3147,1.1988
Nigeria,8/19/2023,267036,3155,1.1815
Nigeria,8/2/2020,43537,883,2.0282
Nigeria,8/2/2021,173908,2149,1.2357
Nigeria,8/2/2022,260977,3147,1.2059
Nigeria,8/2/2023,266675,3155,1.1831
Nigeria,8/20/2020,48770,974,1.9971
Nigeria,8/20/2021,181962,2219,1.2195
Nigeria,8/20/2022,262520,3147,1.1988
Nigeria,8/20/2023,267041,3155,1.1815
Nigeria,8/21/2020,48770,974,1.9971
Nigeria,8/21/2021,181962,2219,1.2195
Nigeria,8/21/2022,262912,3147,1.1970
Nigeria,8/21/2023,267041,3155,1.1815
Nigeria,8/22/2020,48770,974,1.9971
Nigeria,8/22/2021,186635,2260,1.2109
Nigeria,8/22/2022,262912,3147,1.1970
Nigeria,8/22/2023,267041,3155,1.1815
Nigeria,8/23/2020,51905,997,1.9208
Nigeria,8/23/2021,186635,2260,1.2109
Nigeria,8/23/2022,262912,3147,1.1970
Nigeria,8/23/2023,267041,3155,1.1815
Nigeria,8/24/2020,51905,997,1.9208
Nigeria,8/24/2021,186635,2260,1.2109
Nigeria,8/24/2022,262912,3147,1.1970
Nigeria,8/24/2023,267041,3155,1.1815
Nigeria,8/25/2020,51905,997,1.9208
Nigeria,8/25/2021,186635,2260,1.2109
Nigeria,8/25/2022,262912,3147,1.1970
Nigeria,8/25/2023,267041,3155,1.1815
Nigeria,8/26/2020,51905,997,1.9208
Nigeria,8/26/2021,186635,2260,1.2109
Nigeria,8/26/2022,262912,3147,1.1970
Nigeria,8/26/2023,267041,3155,1.1815
Nigeria,8/27/2020,51905,997,1.9208
Nigeria,8/27/2021,186635,2260,1.2109
Nigeria,8/27/2022,262912,3147,1.1970
Nigeria,8/27/2023,267051,3155,1.1814
Nigeria,8/28/2020,51905,997,1.9208
Nigeria,8/28/2021,186635,2260,1.2109
Nigeria,8/28/2022,263407,3148,1.1951
Nigeria,8/28/2023,267051,3155,1.1814
Nigeria,8/29/2020,51905,997,1.9208
Nigeria,8/29/2021,190983,2361,1.2362
Nigeria,8/29/2022,263407,3148,1.1951
Nigeria,8/29/2023,267051,3155,1.1814
Nigeria,8/3/2020,43537,883,2.0282
Nigeria,8/3/2021,173908,2149,1.2357
Nigeria,8/3/2022,260977,3147,1.2059
Nigeria,8/3/2023,266675,3155,1.1831
Nigeria,8/30/2020,53727,1011,1.8817
Nigeria,8/30/2021,190983,2361,1.2362
Nigeria,8/30/2022,263407,3148,1.1951
Nigeria,8/30/2023,267051,3155,1.1814
Nigeria,8/31/2020,53727,1011,1.8817
Nigeria,8/31/2021,190983,2361,1.2362
Nigeria,8/31/2022,263407,3148,1.1951
Nigeria,8/31/2023,267051,3155,1.1814
Nigeria,8/4/2020,43537,883,2.0282
Nigeria,8/4/2021,173908,2149,1.2357
Nigeria,8/4/2022,260977,3147,1.2059
Nigeria,8/4/2023,266675,3155,1.1831
Nigeria,8/5/2020,43537,883,2.0282
Nigeria,8/5/2021,173908,2149,1.2357
Nigeria,8/5/2022,260977,3147,1.2059
Nigeria,8/5/2023,266675,3155,1.1831
Nigeria,8/6/2020,43537,883,2.0282
Nigeria,8/6/2021,173908,2149,1.2357
Nigeria,8/6/2022,260977,3147,1.2059
Nigeria,8/6/2023,266675,3155,1.1831
Nigeria,8/7/2020,43537,883,2.0282
Nigeria,8/7/2021,173908,2149,1.2357
Nigeria,8/7/2022,261885,3147,1.2017
Nigeria,8/7/2023,266675,3155,1.1831
Nigeria,8/8/2020,43537,883,2.0282
Nigeria,8/8/2021,177615,2185,1.2302
Nigeria,8/8/2022,261885,3147,1.2017
Nigeria,8/8/2023,266675,3155,1.1831
Nigeria,8/9/2020,46140,942,2.0416
Nigeria,8/9/2021,177615,2185,1.2302
Nigeria,8/9/2022,261885,3147,1.2017
Nigeria,8/9/2023,266675,3155,1.1831
Nigeria,9/1/2020,53727,1011,1.8817
Nigeria,9/1/2021,190983,2361,1.2362
Nigeria,9/1/2022,263407,3148,1.1951
Nigeria,9/1/2023,267051,3155,1.1814
Nigeria,9/10/2020,54905,1054,1.9197
Nigeria,9/10/2021,195052,2522,1.2930
Nigeria,9/10/2022,263867,3148,1.1930
Nigeria,9/10/2023,267118,3155,1.1811
Nigeria,9/11/2020,54905,1054,1.9197
Nigeria,9/11/2021,195052,2522,1.2930
Nigeria,9/11/2022,264450,3154,1.1927
Nigeria,9/11/2023,267118,3155,1.1811
Nigeria,9/12/2020,54905,1054,1.9197
Nigeria,9/12/2021,198786,2590,1.3029
Nigeria,9/12/2022,264450,3154,1.1927
Nigeria,9/12/2023,267118,3155,1.1811
Nigeria,9/13/2020,56177,1078,1.9189
Nigeria,9/13/2021,198786,2590,1.3029
Nigeria,9/13/2022,264450,3154,1.1927
Nigeria,9/13/2023,267118,3155,1.1811
Nigeria,9/14/2020,56177,1078,1.9189
Nigeria,9/14/2021,198786,2590,1.3029
Nigeria,9/14/2022,264450,3154,1.1927
Nigeria,9/14/2023,267118,3155,1.1811
Nigeria,9/15/2020,56177,1078,1.9189
Nigeria,9/15/2021,198786,2590,1.3029
Nigeria,9/15/2022,264450,3154,1.1927
Nigeria,9/15/2023,267118,3155,1.1811
Nigeria,9/16/2020,56177,1078,1.9189
Nigeria,9/16/2021,198786,2590,1.3029
Nigeria,9/16/2022,264450,3154,1.1927
Nigeria,9/16/2023,267118,3155,1.1811
Nigeria,9/17/2020,56177,1078,1.9189
Nigeria,9/17/2021,198786,2590,1.3029
Nigeria,9/17/2022,264450,3154,1.1927
Nigeria,9/17/2023,267133,3155,1.1811
Nigeria,9/18/2020,56177,1078,1.9189
Nigeria,9/18/2021,198786,2590,1.3029
Nigeria,9/18/2022,264933,3155,1.1909
Nigeria,9/18/2023,267133,3155,1.1811
Nigeria,9/19/2020,56177,1078,1.9189
Nigeria,9/19/2021,201630,2654,1.3163
Nigeria,9/19/2022,264933,3155,1.1909
Nigeria,9/19/2023,267133,3155,1.1811
Nigeria,9/2/2020,53727,1011,1.8817
Nigeria,9/2/2021,190983,2361,1.2362
Nigeria,9/2/2022,263407,3148,1.1951
Nigeria,9/2/2023,267051,3155,1.1814
Nigeria,9/20/2020,57145,1095,1.9162
Nigeria,9/20/2021,201630,2654,1.3163
Nigeria,9/20/2022,264933,3155,1.1909
Nigeria,9/20/2023,267133,3155,1.1811
Nigeria,9/21/2020,57145,1095,1.9162
Nigeria,9/21/2021,201630,2654,1.3163
Nigeria,9/21/2022,264933,3155,1.1909
Nigeria,9/21/2023,267133,3155,1.1811
Nigeria,9/22/2020,57145,1095,1.9162
Nigeria,9/22/2021,201630,2654,1.3163
Nigeria,9/22/2022,264933,3155,1.1909
Nigeria,9/22/2023,267133,3155,1.1811
Nigeria,9/23/2020,57145,1095,1.9162
Nigeria,9/23/2021,201630,2654,1.3163
Nigeria,9/23/2022,264933,3155,1.1909
Nigeria,9/23/2023,267133,3155,1.1811
Nigeria,9/24/2020,57145,1095,1.9162
Nigeria,9/24/2021,201630,2654,1.3163
Nigeria,9/24/2022,264933,3155,1.1909
Nigeria,9/24/2023,267138,3155,1.1810
Nigeria,9/25/2020,57145,1095,1.9162
Nigeria,9/25/2021,201630,2654,1.3163
Nigeria,9/25/2022,265186,3155,1.1897
Nigeria,9/25/2023,267138,3155,1.1810
Nigeria,9/26/2020,57145,1095,1.9162
Nigeria,9/26/2021,204201,2674,1.3095
Nigeria,9/26/2022,265186,3155,1.1897
Nigeria,9/26/2023,267138,3155,1.1810
Nigeria,9/27/2020,58198,1106,1.9004
Nigeria,9/27/2021,204201,2674,1.3095
Nigeria,9/27/2022,265186,3155,1.1897
Nigeria,9/27/2023,267138,3155,1.1810
Nigeria,9/28/2020,58198,1106,1.9004
Nigeria,9/28/2021,204201,2674,1.3095
Nigeria,9/28/2022,265186,3155,1.1897
Nigeria,9/28/2023,267138,3155,1.1810
Nigeria,9/29/2020,58198,1106,1.9004
Nigeria,9/29/2021,204201,2674,1.3095
Nigeria,9/29/2022,265186,3155,1.1897
Nigeria,9/29/2023,267138,3155,1.1810
Nigeria,9/3/2020,53727,1011,1.8817
Nigeria,9/3/2021,190983,2361,1.2362
Nigeria,9/3/2022,263407,3148,1.1951
Nigeria,9/3/2023,267093,3155,1.1812
Nigeria,9/30/2020,58198,1106,1.9004
Nigeria,9/30/2021,204201,2674,1.3095
Nigeria,9/30/2022,265186,3155,1.1897
Nigeria,9/30/2023,267138,3155,1.1810
Nigeria,9/4/2020,53727,1011,1.8817
Nigeria,9/4/2021,190983,2361,1.2362
Nigeria,9/4/2022,263867,3148,1.1930
Nigeria,9/4/2023,267093,3155,1.1812
Nigeria,9/5/2020,53727,1011,1.8817
Nigeria,9/5/2021,195052,2522,1.2930
Nigeria,9/5/2022,263867,3148,1.1930
Nigeria,9/5/2023,267093,3155,1.1812
Nigeria,9/6/2020,54905,1054,1.9197
Nigeria,9/6/2021,195052,2522,1.2930
Nigeria,9/6/2022,263867,3148,1.1930
Nigeria,9/6/2023,267093,3155,1.1812
Nigeria,9/7/2020,54905,1054,1.9197
Nigeria,9/7/2021,195052,2522,1.2930
Nigeria,9/7/2022,263867,3148,1.1930
Nigeria,9/7/2023,267093,3155,1.1812
Nigeria,9/8/2020,54905,1054,1.9197
Nigeria,9/8/2021,195052,2522,1.2930
Nigeria,9/8/2022,263867,3148,1.1930
Nigeria,9/8/2023,267093,3155,1.1812
Nigeria,9/9/2020,54905,1054,1.9197
Nigeria,9/9/2021,195052,2522,1.2930
Nigeria,9/9/2022,263867,3148,1.1930
Nigeria,9/9/2023,267093,3155,1.1812
