location,date,population,total_cases,affected_population
Nigeria,1/1/2021,218541216,83576,0.0382
Nigeria,1/1/2022,218541216,236014,0.1080
Nigeria,1/1/2023,218541216,266450,0.1219
Nigeria,1/1/2024,218541216,267188,0.1223
Nigeria,1/10/2020,218541216,,
Nigeria,1/10/2021,218541216,99063,0.0453
Nigeria,1/10/2022,218541216,247775,0.1134
Nigeria,1/10/2023,218541216,266463,0.1219
Nigeria,1/10/2024,218541216,267188,0.1223
Nigeria,1/11/2020,218541216,,
Nigeria,1/11/2021,218541216,99063,0.0453
Nigeria,1/11/2022,218541216,247775,0.1134
Nigeria,1/11/2023,218541216,266463,0.1219
Nigeria,1/11/2024,218541216,267188,0.1223
Nigeria,1/12/2020,218541216,,
Nigeria,1/12/2021,218541216,99063,0.0453
Nigeria,1/12/2022,218541216,247775,0.1134
Nigeria,1/12/2023,218541216,266463,0.1219
Nigeria,1/12/2024,218541216,267188,0.1223
Nigeria,1/13/2020,218541216,,
Nigeria,1/13/2021,218541216,99063,0.0453
Nigeria,1/13/2022,218541216,247775,0.1134
Nigeria,1/13/2023,218541216,266463,0.1219
Nigeria,1/13/2024,218541216,267188,0.1223
Nigeria,1/14/2020,218541216,,
Nigeria,1/14/2021,218541216,99063,0.0453
Nigeria,1/14/2022,218541216,247775,0.1134
Nigeria,1/14/2023,218541216,266463,0.1219
Nigeria,1/14/2024,218541216,267188,0.1223
Nigeria,1/15/2020,218541216,,
Nigeria,1/15/2021,218541216,99063,0.0453
Nigeria,1/15/2022,218541216,247775,0.1134
Nigeria,1/15/2023,218541216,266463,0.1219
Nigeria,1/15/2024,218541216,267188,0.1223
Nigeria,1/16/2020,218541216,,
Nigeria,1/16/2021,218541216,99063,0.0453
Nigeria,1/16/2022,218541216,250628,0.1147
Nigeria,1/16/2023,218541216,266463,0.1219
Nigeria,1/16/2024,218541216,267188,0.1223
Nigeria,1/17/2020,218541216,,
Nigeria,1/17/2021,218541216,108943,0.0499
Nigeria,1/17/2022,218541216,250628,0.1147
Nigeria,1/17/2023,218541216,266463,0.1219
Nigeria,1/17/2024,218541216,267188,0.1223
Nigeria,1/18/2020,218541216,,
Nigeria,1/18/2021,218541216,108943,0.0499
Nigeria,1/18/2022,218541216,250628,0.1147
Nigeria,1/18/2023,218541216,266463,0.1219
Nigeria,1/18/2024,218541216,267188,0.1223
Nigeria,1/19/2020,218541216,,
Nigeria,1/19/2021,218541216,108943,0.0499
Nigeria,1/19/2022,218541216,250628,0.1147
Nigeria,1/19/2023,218541216,266463,0.1219
Nigeria,1/19/2024,218541216,267188,0.1223
Nigeria,1/2/2021,218541216,83576,0.0382
Nigeria,1/2/2022,218541216,242877,0.1111
Nigeria,1/2/2023,218541216,266450,0.1219
Nigeria,1/2/2024,218541216,267188,0.1223
Nigeria,1/20/2020,218541216,,
Nigeria,1/20/2021,218541216,108943,0.0499
Nigeria,1/20/2022,218541216,250628,0.1147
Nigeria,1/20/2023,218541216,266463,0.1219
Nigeria,1/20/2024,218541216,267188,0.1223
Nigeria,1/21/2020,218541216,,
Nigeria,1/21/2021,218541216,108943,0.0499
Nigeria,1/21/2022,218541216,250628,0.1147
Nigeria,1/21/2023,218541216,266463,0.1219
Nigeria,1/21/2024,218541216,267188,0.1223
Nigeria,1/22/2020,218541216,,
Nigeria,1/22/2021,218541216,108943,0.0499
Nigeria,1/22/2022,218541216,250628,0.1147
Nigeria,1/22/2023,218541216,266463,0.1219
Nigeria,1/22/2024,218541216,267188,0.1223
Nigeria,1/23/2020,218541216,,
Nigeria,1/23/2021,218541216,108943,0.0499
Nigeria,1/23/2022,218541216,251959,0.1153
Nigeria,1/23/2023,218541216,266463,0.1219
Nigeria,1/23/2024,218541216,267188,0.1223
Nigeria,1/24/2020,218541216,,
Nigeria,1/24/2021,218541216,120602,0.0552
Nigeria,1/24/2022,218541216,251959,0.1153
Nigeria,1/24/2023,218541216,266463,0.1219
Nigeria,1/24/2024,218541216,267188,0.1223
Nigeria,1/25/2020,218541216,,
Nigeria,1/25/2021,218541216,120602,0.0552
Nigeria,1/25/2022,218541216,251959,0.1153
Nigeria,1/25/2023,218541216,266463,0.1219
Nigeria,1/25/2024,218541216,267188,0.1223
Nigeria,1/26/2020,218541216,,
Nigeria,1/26/2021,218541216,120602,0.0552
Nigeria,1/26/2022,218541216,251959,0.1153
Nigeria,1/26/2023,218541216,266463,0.1219
Nigeria,1/26/2024,218541216,267188,0.1223
Nigeria,1/27/2020,218541216,,
Nigeria,1/27/2021,218541216,120602,0.0552
Nigeria,1/27/2022,218541216,251959,0.1153
Nigeria,1/27/2023,218541216,266463,0.1219
Nigeria,1/27/2024,218541216,267188,0.1223
Nigeria,1/28/2020,218541216,,
Nigeria,1/28/2021,218541216,120602,0.0552
Nigeria,1/28/2022,218541216,251959,0.1153
Nigeria,1/28/2023,218541216,266463,0.1219
Nigeria,1/28/2024,218541216,267188,0.1223
Nigeria,1/29/2020,218541216,,
Nigeria,1/29/2021,218541216,120602,0.0552
Nigeria,1/29/2022,218541216,251959,0.1153
Nigeria,1/29/2023,218541216,266463,0.1219
Nigeria,1/29/2024,218541216,267188,0.1223
Nigeria,1/3/2021,218541216,89163,0.0408
Nigeria,1/3/2022,218541216,242877,0.1111
Nigeria,1/3/2023,218541216,266450,0.1219
Nigeria,1/3/2024,218541216,267188,0.1223
Nigeria,1/30/2020,218541216,,
Nigeria,1/30/2021,218541216,120602,0.0552
Nigeria,1/30/2022,218541216,253020,0.1158
Nigeria,1/30/2023,218541216,266463,0.1219
Nigeria,1/30/2024,218541216,267188,0.1223
Nigeria,1/31/2020,218541216,,
Nigeria,1/31/2021,218541216,130557,0.0597
Nigeria,1/31/2022,218541216,253020,0.1158
Nigeria,1/31/2023,218541216,266463,0.1219
Nigeria,1/31/2024,218541216,267188,0.1223
Nigeria,1/4/2021,218541216,89163,0.0408
Nigeria,1/4/2022,218541216,242877,0.1111
Nigeria,1/4/2023,218541216,266450,0.1219
Nigeria,1/4/2024,218541216,267188,0.1223
Nigeria,1/5/2020,218541216,,
Nigeria,1/5/2021,218541216,89163,0.0408
Nigeria,1/5/2022,218541216,242877,0.1111
Nigeria,1/5/2023,218541216,266450,0.1219
Nigeria,1/5/2024,218541216,267188,0.1223
Nigeria,1/6/2020,218541216,,
Nigeria,1/6/2021,218541216,89163,0.0408
Nigeria,1/6/2022,218541216,242877,0.1111
Nigeria,1/6/2023,218541216,266450,0.1219
Nigeria,1/6/2024,218541216,267188,0.1223
Nigeria,1/7/2020,218541216,,
Nigeria,1/7/2021,218541216,89163,0.0408
Nigeria,1/7/2022,218541216,242877,0.1111
Nigeria,1/7/2023,218541216,266450,0.1219
Nigeria,1/7/2024,218541216,267188,0.1223
Nigeria,1/8/2020,218541216,,
Nigeria,1/8/2021,218541216,89163,0.0408
Nigeria,1/8/2022,218541216,242877,0.1111
Nigeria,1/8/2023,218541216,266463,0.1219
Nigeria,1/8/2024,218541216,267188,0.1223
Nigeria,1/9/2020,218541216,,
Nigeria,1/9/2021,218541216,89163,0.0408
Nigeria,1/9/2022,218541216,247775,0.1134
Nigeria,1/9/2023,218541216,266463,0.1219
Nigeria,1/9/2024,218541216,267188,0.1223
Nigeria,10/1/2020,218541216,58198,0.0266
Nigeria,10/1/2021,218541216,204201,0.0934
Nigeria,10/1/2022,218541216,265186,0.1213
Nigeria,10/1/2023,218541216,267146,0.1222
Nigeria,10/10/2020,218541216,59287,0.0271
Nigeria,10/10/2021,218541216,207618,0.0950
Nigeria,10/10/2022,218541216,265816,0.1216
Nigeria,10/10/2023,218541216,267155,0.1222
Nigeria,10/11/2020,218541216,60103,0.0275
Nigeria,10/11/2021,218541216,207618,0.0950
Nigeria,10/11/2022,218541216,265816,0.1216
Nigeria,10/11/2023,218541216,267155,0.1222
Nigeria,10/12/2020,218541216,60103,0.0275
Nigeria,10/12/2021,218541216,207618,0.0950
Nigeria,10/12/2022,218541216,265816,0.1216
Nigeria,10/12/2023,218541216,267155,0.1222
Nigeria,10/13/2020,218541216,60103,0.0275
Nigeria,10/13/2021,218541216,207618,0.0950
Nigeria,10/13/2022,218541216,265816,0.1216
Nigeria,10/13/2023,218541216,267155,0.1222
Nigeria,10/14/2020,218541216,60103,0.0275
Nigeria,10/14/2021,218541216,207618,0.0950
Nigeria,10/14/2022,218541216,265816,0.1216
Nigeria,10/14/2023,218541216,267155,0.1222
Nigeria,10/15/2020,218541216,60103,0.0275
Nigeria,10/15/2021,218541216,207618,0.0950
Nigeria,10/15/2022,218541216,265816,0.1216
Nigeria,10/15/2023,218541216,267156,0.1222
Nigeria,10/16/2020,218541216,60103,0.0275
Nigeria,10/16/2021,218541216,207618,0.0950
Nigeria,10/16/2022,218541216,265937,0.1217
Nigeria,10/16/2023,218541216,267156,0.1222
Nigeria,10/17/2020,218541216,60103,0.0275
Nigeria,10/17/2021,218541216,209173,0.0957
Nigeria,10/17/2022,218541216,265937,0.1217
Nigeria,10/17/2023,218541216,267156,0.1222
Nigeria,10/18/2020,218541216,61307,0.0281
Nigeria,10/18/2021,218541216,209173,0.0957
Nigeria,10/18/2022,218541216,265937,0.1217
Nigeria,10/18/2023,218541216,267156,0.1222
Nigeria,10/19/2020,218541216,61307,0.0281
Nigeria,10/19/2021,218541216,209173,0.0957
Nigeria,10/19/2022,218541216,265937,0.1217
Nigeria,10/19/2023,218541216,267156,0.1222
Nigeria,10/2/2020,218541216,58198,0.0266
Nigeria,10/2/2021,218541216,204201,0.0934
Nigeria,10/2/2022,218541216,265431,0.1215
Nigeria,10/2/2023,218541216,267146,0.1222
Nigeria,10/20/2020,218541216,61307,0.0281
Nigeria,10/20/2021,218541216,209173,0.0957
Nigeria,10/20/2022,218541216,265937,0.1217
Nigeria,10/20/2023,218541216,267156,0.1222
Nigeria,10/21/2020,218541216,61307,0.0281
Nigeria,10/21/2021,218541216,209173,0.0957
Nigeria,10/21/2022,218541216,265937,0.1217
Nigeria,10/21/2023,218541216,267156,0.1222
Nigeria,10/22/2020,218541216,61307,0.0281
Nigeria,10/22/2021,218541216,209173,0.0957
Nigeria,10/22/2022,218541216,265937,0.1217
Nigeria,10/22/2023,218541216,267166,0.1222
Nigeria,10/23/2020,218541216,61307,0.0281
Nigeria,10/23/2021,218541216,209173,0.0957
Nigeria,10/23/2022,218541216,266043,0.1217
Nigeria,10/23/2023,218541216,267166,0.1222
Nigeria,10/24/2020,218541216,61307,0.0281
Nigeria,10/24/2021,218541216,210295,0.0962
Nigeria,10/24/2022,218541216,266043,0.1217
Nigeria,10/24/2023,218541216,267166,0.1222
Nigeria,10/25/2020,218541216,61930,0.0283
Nigeria,10/25/2021,218541216,210295,0.0962
Nigeria,10/25/2022,218541216,266043,0.1217
Nigeria,10/25/2023,218541216,267166,0.1222
Nigeria,10/26/2020,218541216,61930,0.0283
Nigeria,10/26/2021,218541216,210295,0.0962
Nigeria,10/26/2022,218541216,266043,0.1217
Nigeria,10/26/2023,218541216,267166,0.1222
Nigeria,10/27/2020,218541216,61930,0.0283
Nigeria,10/27/2021,218541216,210295,0.0962
Nigeria,10/27/2022,218541216,266043,0.1217
Nigeria,10/27/2023,218541216,267166,0.1222
Nigeria,10/28/2020,218541216,61930,0.0283
Nigeria,10/28/2021,218541216,210295,0.0962
Nigeria,10/28/2022,218541216,266043,0.1217
Nigeria,10/28/2023,218541216,267166,0.1222
Nigeria,10/29/2020,218541216,61930,0.0283
Nigeria,10/29/2021,218541216,210295,0.0962
Nigeria,10/29/2022,218541216,266043,0.1217
Nigeria,10/29/2023,218541216,267173,0.1223
Nigeria,10/3/2020,218541216,58198,0.0266
Nigeria,10/3/2021,218541216,206064,0.0943
Nigeria,10/3/2022,218541216,265431,0.1215
Nigeria,10/3/2023,218541216,267146,0.1222
Nigeria,10/30/2020,218541216,61930,0.0283
Nigeria,10/30/2021,218541216,210295,0.0962
Nigeria,10/30/2022,218541216,266138,0.1218
Nigeria,10/30/2023,218541216,267173,0.1223
Nigeria,10/31/2020,218541216,61930,0.0283
Nigeria,10/31/2021,218541216,211887,0.0970
Nigeria,10/31/2022,218541216,266138,0.1218
Nigeria,10/31/2023,218541216,267173,0.1223
Nigeria,10/4/2020,218541216,59287,0.0271
Nigeria,10/4/2021,218541216,206064,0.0943
Nigeria,10/4/2022,218541216,265431,0.1215
Nigeria,10/4/2023,218541216,267146,0.1222
Nigeria,10/5/2020,218541216,59287,0.0271
Nigeria,10/5/2021,218541216,206064,0.0943
Nigeria,10/5/2022,218541216,265431,0.1215
Nigeria,10/5/2023,218541216,267146,0.1222
Nigeria,10/6/2020,218541216,59287,0.0271
Nigeria,10/6/2021,218541216,206064,0.0943
Nigeria,10/6/2022,218541216,265431,0.1215
Nigeria,10/6/2023,218541216,267146,0.1222
Nigeria,10/7/2020,218541216,59287,0.0271
Nigeria,10/7/2021,218541216,206064,0.0943
Nigeria,10/7/2022,218541216,265431,0.1215
Nigeria,10/7/2023,218541216,267146,0.1222
Nigeria,10/8/2020,218541216,59287,0.0271
Nigeria,10/8/2021,218541216,206064,0.0943
Nigeria,10/8/2022,218541216,265431,0.1215
Nigeria,10/8/2023,218541216,267155,0.1222
Nigeria,10/9/2020,218541216,59287,0.0271
Nigeria,10/9/2021,218541216,206064,0.0943
Nigeria,10/9/2022,218541216,265816,0.1216
Nigeria,10/9/2023,218541216,267155,0.1222
Nigeria,11/1/2020,218541216,62853,0.0288
Nigeria,11/1/2021,218541216,211887,0.0970
Nigeria,11/1/2022,218541216,266138,0.1218
Nigeria,11/1/2023,218541216,267173,0.1223
Nigeria,11/10/2020,218541216,63790,0.0292
Nigeria,11/10/2021,218541216,212627,0.0973
Nigeria,11/10/2022,218541216,266192,0.1218
Nigeria,11/10/2023,218541216,267173,0.1223
Nigeria,11/11/2020,218541216,63790,0.0292
Nigeria,11/11/2021,218541216,212627,0.0973
Nigeria,11/11/2022,218541216,266192,0.1218
Nigeria,11/11/2023,218541216,267173,0.1223
Nigeria,11/12/2020,218541216,63790,0.0292
Nigeria,11/12/2021,218541216,212627,0.0973
Nigeria,11/12/2022,218541216,266192,0.1218
Nigeria,11/12/2023,218541216,267173,0.1223
Nigeria,11/13/2020,218541216,63790,0.0292
Nigeria,11/13/2021,218541216,212627,0.0973
Nigeria,11/13/2022,218541216,266242,0.1218
Nigeria,11/13/2023,218541216,267173,0.1223
Nigeria,11/14/2020,218541216,63790,0.0292
Nigeria,11/14/2021,218541216,213127,0.0975
Nigeria,11/14/2022,218541216,266242,0.1218
Nigeria,11/14/2023,218541216,267173,0.1223
Nigeria,11/15/2020,218541216,64996,0.0297
Nigeria,11/15/2021,218541216,213127,0.0975
Nigeria,11/15/2022,218541216,266242,0.1218
Nigeria,11/15/2023,218541216,267173,0.1223
Nigeria,11/16/2020,218541216,64996,0.0297
Nigeria,11/16/2021,218541216,213127,0.0975
Nigeria,11/16/2022,218541216,266242,0.1218
Nigeria,11/16/2023,218541216,267173,0.1223
Nigeria,11/17/2020,218541216,64996,0.0297
Nigeria,11/17/2021,218541216,213127,0.0975
Nigeria,11/17/2022,218541216,266242,0.1218
Nigeria,11/17/2023,218541216,267173,0.1223
Nigeria,11/18/2020,218541216,64996,0.0297
Nigeria,11/18/2021,218541216,213127,0.0975
Nigeria,11/18/2022,218541216,266242,0.1218
Nigeria,11/18/2023,218541216,267173,0.1223
Nigeria,11/19/2020,218541216,64996,0.0297
Nigeria,11/19/2021,218541216,213127,0.0975
Nigeria,11/19/2022,218541216,266242,0.1218
Nigeria,11/19/2023,218541216,267173,0.1223
Nigeria,11/2/2020,218541216,62853,0.0288
Nigeria,11/2/2021,218541216,211887,0.0970
Nigeria,11/2/2022,218541216,266138,0.1218
Nigeria,11/2/2023,218541216,267173,0.1223
Nigeria,11/20/2020,218541216,64996,0.0297
Nigeria,11/20/2021,218541216,213127,0.0975
Nigeria,11/20/2022,218541216,266283,0.1218
Nigeria,11/20/2023,218541216,267173,0.1223
Nigeria,11/21/2020,218541216,64996,0.0297
Nigeria,11/21/2021,218541216,213532,0.0977
Nigeria,11/21/2022,218541216,266283,0.1218
Nigeria,11/21/2023,218541216,267173,0.1223
Nigeria,11/22/2020,218541216,66228,0.0303
Nigeria,11/22/2021,218541216,213532,0.0977
Nigeria,11/22/2022,218541216,266283,0.1218
Nigeria,11/22/2023,218541216,267173,0.1223
Nigeria,11/23/2020,218541216,66228,0.0303
Nigeria,11/23/2021,218541216,213532,0.0977
Nigeria,11/23/2022,218541216,266283,0.1218
Nigeria,11/23/2023,218541216,267173,0.1223
Nigeria,11/24/2020,218541216,66228,0.0303
Nigeria,11/24/2021,218541216,213532,0.0977
Nigeria,11/24/2022,218541216,266283,0.1218
Nigeria,11/24/2023,218541216,267173,0.1223
Nigeria,11/25/2020,218541216,66228,0.0303
Nigeria,11/25/2021,218541216,213532,0.0977
Nigeria,11/25/2022,218541216,266283,0.1218
Nigeria,11/25/2023,218541216,267173,0.1223
Nigeria,11/26/2020,218541216,66228,0.0303
Nigeria,11/26/2021,218541216,213532,0.0977
Nigeria,11/26/2022,218541216,266283,0.1218
Nigeria,11/26/2023,218541216,267173,0.1223
Nigeria,11/27/2020,218541216,66228,0.0303
Nigeria,11/27/2021,218541216,213532,0.0977
Nigeria,11/27/2022,218541216,266313,0.1219
Nigeria,11/27/2023,218541216,267173,0.1223
Nigeria,11/28/2020,218541216,66228,0.0303
Nigeria,11/28/2021,218541216,213982,0.0979
Nigeria,11/28/2022,218541216,266313,0.1219
Nigeria,11/28/2023,218541216,267173,0.1223
Nigeria,11/29/2020,218541216,67330,0.0308
Nigeria,11/29/2021,218541216,213982,0.0979
Nigeria,11/29/2022,218541216,266313,0.1219
Nigeria,11/29/2023,218541216,267173,0.1223
Nigeria,11/3/2020,218541216,62853,0.0288
Nigeria,11/3/2021,218541216,211887,0.0970
Nigeria,11/3/2022,218541216,266138,0.1218
Nigeria,11/3/2023,218541216,267173,0.1223
Nigeria,11/30/2020,218541216,67330,0.0308
Nigeria,11/30/2021,218541216,213982,0.0979
Nigeria,11/30/2022,218541216,266313,0.1219
Nigeria,11/30/2023,218541216,267173,0.1223
Nigeria,11/4/2020,218541216,62853,0.0288
Nigeria,11/4/2021,218541216,211887,0.0970
Nigeria,11/4/2022,218541216,266138,0.1218
Nigeria,11/4/2023,218541216,267173,0.1223
Nigeria,11/5/2020,218541216,62853,0.0288
Nigeria,11/5/2021,218541216,211887,0.0970
Nigeria,11/5/2022,218541216,266138,0.1218
Nigeria,11/5/2023,218541216,267173,0.1223
Nigeria,11/6/2020,218541216,62853,0.0288
Nigeria,11/6/2021,218541216,211887,0.0970
Nigeria,11/6/2022,218541216,266192,0.1218
Nigeria,11/6/2023,218541216,267173,0.1223
Nigeria,11/7/2020,218541216,62853,0.0288
Nigeria,11/7/2021,218541216,212627,0.0973
Nigeria,11/7/2022,218541216,266192,0.1218
Nigeria,11/7/2023,218541216,267173,0.1223
Nigeria,11/8/2020,218541216,63790,0.0292
Nigeria,11/8/2021,218541216,212627,0.0973
Nigeria,11/8/2022,218541216,266192,0.1218
Nigeria,11/8/2023,218541216,267173,0.1223
Nigeria,11/9/2020,218541216,63790,0.0292
Nigeria,11/9/2021,218541216,212627,0.0973
Nigeria,11/9/2022,218541216,266192,0.1218
Nigeria,11/9/2023,218541216,267173,0.1223
Nigeria,12/1/2020,218541216,67330,0.0308
Nigeria,12/1/2021,218541216,213982,0.0979
Nigeria,12/1/2022,218541216,266313,0.1219
Nigeria,12/1/2023,218541216,267173,0.1223
Nigeria,12/10/2020,218541216,68937,0.0315
Nigeria,12/10/2021,218541216,214567,0.0982
Nigeria,12/10/2022,218541216,266350,0.1219
Nigeria,12/10/2023,218541216,267173,0.1223
Nigeria,12/11/2020,218541216,68937,0.0315
Nigeria,12/11/2021,218541216,214567,0.0982
Nigeria,12/11/2022,218541216,266381,0.1219
Nigeria,12/11/2023,218541216,267173,0.1223
Nigeria,12/12/2020,218541216,68937,0.0315
Nigeria,12/12/2021,218541216,217063,0.0993
Nigeria,12/12/2022,218541216,266381,0.1219
Nigeria,12/12/2023,218541216,267173,0.1223
Nigeria,12/13/2020,218541216,72757,0.0333
Nigeria,12/13/2021,218541216,217063,0.0993
Nigeria,12/13/2022,218541216,266381,0.1219
Nigeria,12/13/2023,218541216,267173,0.1223
Nigeria,12/14/2020,218541216,72757,0.0333
Nigeria,12/14/2021,218541216,217063,0.0993
Nigeria,12/14/2022,218541216,266381,0.1219
Nigeria,12/14/2023,218541216,267173,0.1223
Nigeria,12/15/2020,218541216,72757,0.0333
Nigeria,12/15/2021,218541216,217063,0.0993
Nigeria,12/15/2022,218541216,266381,0.1219
Nigeria,12/15/2023,218541216,267173,0.1223
Nigeria,12/16/2020,218541216,72757,0.0333
Nigeria,12/16/2021,218541216,217063,0.0993
Nigeria,12/16/2022,218541216,266381,0.1219
Nigeria,12/16/2023,218541216,267173,0.1223
Nigeria,12/17/2020,218541216,72757,0.0333
Nigeria,12/17/2021,218541216,217063,0.0993
Nigeria,12/17/2022,218541216,266381,0.1219
Nigeria,12/17/2023,218541216,267173,0.1223
Nigeria,12/18/2020,218541216,72757,0.0333
Nigeria,12/18/2021,218541216,217063,0.0993
Nigeria,12/18/2022,218541216,266398,0.1219
Nigeria,12/18/2023,218541216,267173,0.1223
Nigeria,12/19/2020,218541216,72757,0.0333
Nigeria,12/19/2021,218541216,223483,0.1023
Nigeria,12/19/2022,218541216,266398,0.1219
Nigeria,12/19/2023,218541216,267173,0.1223
Nigeria,12/2/2020,218541216,67330,0.0308
Nigeria,12/2/2021,218541216,213982,0.0979
Nigeria,12/2/2022,218541216,266313,0.1219
Nigeria,12/2/2023,218541216,267173,0.1223
Nigeria,12/20/2020,218541216,77933,0.0357
Nigeria,12/20/2021,218541216,223483,0.1023
Nigeria,12/20/2022,218541216,266398,0.1219
Nigeria,12/20/2023,218541216,267173,0.1223
Nigeria,12/21/2020,218541216,77933,0.0357
Nigeria,12/21/2021,218541216,223483,0.1023
Nigeria,12/21/2022,218541216,266398,0.1219
Nigeria,12/21/2023,218541216,267173,0.1223
Nigeria,12/22/2020,218541216,77933,0.0357
Nigeria,12/22/2021,218541216,223483,0.1023
Nigeria,12/22/2022,218541216,266398,0.1219
Nigeria,12/22/2023,218541216,267173,0.1223
Nigeria,12/23/2020,218541216,77933,0.0357
Nigeria,12/23/2021,218541216,223483,0.1023
Nigeria,12/23/2022,218541216,266398,0.1219
Nigeria,12/23/2023,218541216,267173,0.1223
Nigeria,12/24/2020,218541216,77933,0.0357
Nigeria,12/24/2021,218541216,223483,0.1023
Nigeria,12/24/2022,218541216,266398,0.1219
Nigeria,12/24/2023,218541216,267173,0.1223
Nigeria,12/25/2020,218541216,77933,0.0357
Nigeria,12/25/2021,218541216,223483,0.1023
Nigeria,12/25/2022,218541216,266415,0.1219
Nigeria,12/25/2023,218541216,267173,0.1223
Nigeria,12/26/2020,218541216,77933,0.0357
Nigeria,12/26/2021,218541216,236014,0.1080
Nigeria,12/26/2022,218541216,266415,0.1219
Nigeria,12/26/2023,218541216,267173,0.1223
Nigeria,12/27/2020,218541216,83576,0.0382
Nigeria,12/27/2021,218541216,236014,0.1080
Nigeria,12/27/2022,218541216,266415,0.1219
Nigeria,12/27/2023,218541216,267173,0.1223
Nigeria,12/28/2020,218541216,83576,0.0382
Nigeria,12/28/2021,218541216,236014,0.1080
Nigeria,12/28/2022,218541216,266415,0.1219
Nigeria,12/28/2023,218541216,267173,0.1223
Nigeria,12/29/2020,218541216,83576,0.0382
Nigeria,12/29/2021,218541216,236014,0.1080
Nigeria,12/29/2022,218541216,266415,0.1219
Nigeria,12/29/2023,218541216,267173,0.1223
Nigeria,12/3/2020,218541216,67330,0.0308
Nigeria,12/3/2021,218541216,213982,0.0979
Nigeria,12/3/2022,218541216,266313,0.1219
Nigeria,12/3/2023,218541216,267173,0.1223
Nigeria,12/30/2020,218541216,83576,0.0382
Nigeria,12/30/2021,218541216,236014,0.1080
Nigeria,12/30/2022,218541216,266415,0.1219
Nigeria,12/30/2023,218541216,267173,0.1223
Nigeria,12/31/2020,218541216,83576,0.0382
Nigeria,12/31/2021,218541216,236014,0.1080
Nigeria,12/31/2022,218541216,266415,0.1219
Nigeria,12/31/2023,218541216,267188,0.1223
Nigeria,12/4/2020,218541216,67330,0.0308
Nigeria,12/4/2021,218541216,213982,0.0979
Nigeria,12/4/2022,218541216,266350,0.1219
Nigeria,12/4/2023,218541216,267173,0.1223
Nigeria,12/5/2020,218541216,67330,0.0308
Nigeria,12/5/2021,218541216,214567,0.0982
Nigeria,12/5/2022,218541216,266350,0.1219
Nigeria,12/5/2023,218541216,267173,0.1223
Nigeria,12/6/2020,218541216,68937,0.0315
Nigeria,12/6/2021,218541216,214567,0.0982
Nigeria,12/6/2022,218541216,266350,0.1219
Nigeria,12/6/2023,218541216,267173,0.1223
Nigeria,12/7/2020,218541216,68937,0.0315
Nigeria,12/7/2021,218541216,214567,0.0982
Nigeria,12/7/2022,218541216,266350,0.1219
Nigeria,12/7/2023,218541216,267173,0.1223
Nigeria,12/8/2020,218541216,68937,0.0315
Nigeria,12/8/2021,218541216,214567,0.0982
Nigeria,12/8/2022,218541216,266350,0.1219
Nigeria,12/8/2023,218541216,267173,0.1223
Nigeria,12/9/2020,218541216,68937,0.0315
Nigeria,12/9/2021,218541216,214567,0.0982
Nigeria,12/9/2022,218541216,266350,0.1219
Nigeria,12/9/2023,218541216,267173,0.1223
Nigeria,2/1/2020,218541216,,
Nigeria,2/1/2021,218541216,130557,0.0597
Nigeria,2/1/2022,218541216,253020,0.1158
Nigeria,2/1/2023,218541216,266463,0.1219
Nigeria,2/1/2024,218541216,267188,0.1223
Nigeria,2/10/2020,218541216,,
Nigeria,2/10/2021,218541216,139242,0.0637
Nigeria,2/10/2022,218541216,253685,0.1161
Nigeria,2/10/2023,218541216,266463,0.1219
Nigeria,2/10/2024,218541216,267188,0.1223
Nigeria,2/11/2020,218541216,,
Nigeria,2/11/2021,218541216,139242,0.0637
Nigeria,2/11/2022,218541216,253685,0.1161
Nigeria,2/11/2023,218541216,266463,0.1219
Nigeria,2/11/2024,218541216,267188,0.1223
Nigeria,2/12/2020,218541216,,
Nigeria,2/12/2021,218541216,139242,0.0637
Nigeria,2/12/2022,218541216,253685,0.1161
Nigeria,2/12/2023,218541216,266463,0.1219
Nigeria,2/12/2024,218541216,267188,0.1223
Nigeria,2/13/2020,218541216,,
Nigeria,2/13/2021,218541216,139242,0.0637
Nigeria,2/13/2022,218541216,253970,0.1162
Nigeria,2/13/2023,218541216,266463,0.1219
Nigeria,2/13/2024,218541216,267188,0.1223
Nigeria,2/14/2020,218541216,,
Nigeria,2/14/2021,218541216,145664,0.0667
Nigeria,2/14/2022,218541216,253970,0.1162
Nigeria,2/14/2023,218541216,266463,0.1219
Nigeria,2/14/2024,218541216,267188,0.1223
Nigeria,2/15/2020,218541216,,
Nigeria,2/15/2021,218541216,145664,0.0667
Nigeria,2/15/2022,218541216,253970,0.1162
Nigeria,2/15/2023,218541216,266463,0.1219
Nigeria,2/15/2024,218541216,267188,0.1223
Nigeria,2/16/2020,218541216,,
Nigeria,2/16/2021,218541216,145664,0.0667
Nigeria,2/16/2022,218541216,253970,0.1162
Nigeria,2/16/2023,218541216,266463,0.1219
Nigeria,2/16/2024,218541216,267188,0.1223
Nigeria,2/17/2020,218541216,,
Nigeria,2/17/2021,218541216,145664,0.0667
Nigeria,2/17/2022,218541216,253970,0.1162
Nigeria,2/17/2023,218541216,266463,0.1219
Nigeria,2/17/2024,218541216,267188,0.1223
Nigeria,2/18/2020,218541216,,
Nigeria,2/18/2021,218541216,145664,0.0667
Nigeria,2/18/2022,218541216,253970,0.1162
Nigeria,2/18/2023,218541216,266463,0.1219
Nigeria,2/18/2024,218541216,267188,0.1223
Nigeria,2/19/2020,218541216,,
Nigeria,2/19/2021,218541216,145664,0.0667
Nigeria,2/19/2022,218541216,253970,0.1162
Nigeria,2/19/2023,218541216,266593,0.1220
Nigeria,2/19/2024,218541216,267188,0.1223
Nigeria,2/2/2020,218541216,,
Nigeria,2/2/2021,218541216,130557,0.0597
Nigeria,2/2/2022,218541216,253020,0.1158
Nigeria,2/2/2023,218541216,266463,0.1219
Nigeria,2/2/2024,218541216,267188,0.1223
Nigeria,2/20/2020,218541216,,
Nigeria,2/20/2021,218541216,145664,0.0667
Nigeria,2/20/2022,218541216,254243,0.1163
Nigeria,2/20/2023,218541216,266593,0.1220
Nigeria,2/20/2024,218541216,267188,0.1223
Nigeria,2/21/2020,218541216,,
Nigeria,2/21/2021,218541216,151553,0.0693
Nigeria,2/21/2022,218541216,254243,0.1163
Nigeria,2/21/2023,218541216,266593,0.1220
Nigeria,2/21/2024,218541216,267188,0.1223
Nigeria,2/22/2020,218541216,,
Nigeria,2/22/2021,218541216,151553,0.0693
Nigeria,2/22/2022,218541216,254243,0.1163
Nigeria,2/22/2023,218541216,266593,0.1220
Nigeria,2/22/2024,218541216,267188,0.1223
Nigeria,2/23/2020,218541216,,
Nigeria,2/23/2021,218541216,151553,0.0693
Nigeria,2/23/2022,218541216,254243,0.1163
Nigeria,2/23/2023,218541216,266593,0.1220
Nigeria,2/23/2024,218541216,267188,0.1223
Nigeria,2/24/2020,218541216,,
Nigeria,2/24/2021,218541216,151553,0.0693
Nigeria,2/24/2022,218541216,254243,0.1163
Nigeria,2/24/2023,218541216,266593,0.1220
Nigeria,2/24/2024,218541216,267188,0.1223
Nigeria,2/25/2020,218541216,,
Nigeria,2/25/2021,218541216,151553,0.0693
Nigeria,2/25/2022,218541216,254243,0.1163
Nigeria,2/25/2023,218541216,266593,0.1220
Nigeria,2/25/2024,218541216,267188,0.1223
Nigeria,2/26/2020,218541216,,
Nigeria,2/26/2021,218541216,151553,0.0693
Nigeria,2/26/2022,218541216,254243,0.1163
Nigeria,2/26/2023,218541216,266598,0.1220
Nigeria,2/26/2024,218541216,267188,0.1223
Nigeria,2/27/2020,218541216,,
Nigeria,2/27/2021,218541216,151553,0.0693
Nigeria,2/27/2022,218541216,254501,0.1165
Nigeria,2/27/2023,218541216,266598,0.1220
Nigeria,2/27/2024,218541216,267188,0.1223
Nigeria,2/28/2020,218541216,,
Nigeria,2/28/2021,218541216,155417,0.0711
Nigeria,2/28/2022,218541216,254501,0.1165
Nigeria,2/28/2023,218541216,266598,0.1220
Nigeria,2/28/2024,218541216,267188,0.1223
Nigeria,2/29/2020,218541216,,
Nigeria,2/29/2024,218541216,267188,0.1223
Nigeria,2/3/2020,218541216,,
Nigeria,2/3/2021,218541216,130557,0.0597
Nigeria,2/3/2022,218541216,253020,0.1158
Nigeria,2/3/2023,218541216,266463,0.1219
Nigeria,2/3/2024,218541216,267188,0.1223
Nigeria,2/4/2020,218541216,,
Nigeria,2/4/2021,218541216,130557,0.0597
Nigeria,2/4/2022,218541216,253020,0.1158
Nigeria,2/4/2023,218541216,266463,0.1219
Nigeria,2/4/2024,218541216,267188,0.1223
Nigeria,2/5/2020,218541216,,
Nigeria,2/5/2021,218541216,130557,0.0597
Nigeria,2/5/2022,218541216,253020,0.1158
Nigeria,2/5/2023,218541216,266463,0.1219
Nigeria,2/5/2024,218541216,267188,0.1223
Nigeria,2/6/2020,218541216,,
Nigeria,2/6/2021,218541216,130557,0.0597
Nigeria,2/6/2022,218541216,253685,0.1161
Nigeria,2/6/2023,218541216,266463,0.1219
Nigeria,2/6/2024,218541216,267188,0.1223
Nigeria,2/7/2020,218541216,,
Nigeria,2/7/2021,218541216,139242,0.0637
Nigeria,2/7/2022,218541216,253685,0.1161
Nigeria,2/7/2023,218541216,266463,0.1219
Nigeria,2/7/2024,218541216,267188,0.1223
Nigeria,2/8/2020,218541216,,
Nigeria,2/8/2021,218541216,139242,0.0637
Nigeria,2/8/2022,218541216,253685,0.1161
Nigeria,2/8/2023,218541216,266463,0.1219
Nigeria,2/8/2024,218541216,267188,0.1223
Nigeria,2/9/2020,218541216,,
Nigeria,2/9/2021,218541216,139242,0.0637
Nigeria,2/9/2022,218541216,253685,0.1161
Nigeria,2/9/2023,218541216,266463,0.1219
Nigeria,2/9/2024,218541216,267188,0.1223
Nigeria,3/1/2020,218541216,1,0.0000
Nigeria,3/1/2021,218541216,155417,0.0711
Nigeria,3/1/2022,218541216,254501,0.1165
Nigeria,3/1/2023,218541216,266598,0.1220
Nigeria,3/1/2024,218541216,267188,0.1223
Nigeria,3/10/2020,218541216,1,0.0000
Nigeria,3/10/2021,218541216,158237,0.0724
Nigeria,3/10/2022,218541216,254637,0.1165
Nigeria,3/10/2023,218541216,266628,0.1220
Nigeria,3/10/2024,218541216,267188,0.1223
Nigeria,3/11/2020,218541216,1,0.0000
Nigeria,3/11/2021,218541216,158237,0.0724
Nigeria,3/11/2022,218541216,254637,0.1165
Nigeria,3/11/2023,218541216,266628,0.1220
Nigeria,3/11/2024,218541216,267188,0.1223
Nigeria,3/12/2020,218541216,1,0.0000
Nigeria,3/12/2021,218541216,158237,0.0724
Nigeria,3/12/2022,218541216,254637,0.1165
Nigeria,3/12/2023,218541216,266641,0.1220
Nigeria,3/12/2024,218541216,267188,0.1223
Nigeria,3/13/2020,218541216,1,0.0000
Nigeria,3/13/2021,218541216,158237,0.0724
Nigeria,3/13/2022,218541216,254945,0.1167
Nigeria,3/13/2023,218541216,266641,0.1220
Nigeria,3/13/2024,218541216,267188,0.1223
Nigeria,3/14/2020,218541216,1,0.0000
Nigeria,3/14/2021,218541216,160537,0.0735
Nigeria,3/14/2022,218541216,254945,0.1167
Nigeria,3/14/2023,218541216,266641,0.1220
Nigeria,3/14/2024,218541216,267188,0.1223
Nigeria,3/15/2020,218541216,2,0.0000
Nigeria,3/15/2021,218541216,160537,0.0735
Nigeria,3/15/2022,218541216,254945,0.1167
Nigeria,3/15/2023,218541216,266641,0.1220
Nigeria,3/15/2024,218541216,267188,0.1223
Nigeria,3/16/2020,218541216,2,0.0000
Nigeria,3/16/2021,218541216,160537,0.0735
Nigeria,3/16/2022,218541216,254945,0.1167
Nigeria,3/16/2023,218541216,266641,0.1220
Nigeria,3/16/2024,218541216,267188,0.1223
Nigeria,3/17/2020,218541216,2,0.0000
Nigeria,3/17/2021,218541216,160537,0.0735
Nigeria,3/17/2022,218541216,254945,0.1167
Nigeria,3/17/2023,218541216,266641,0.1220
Nigeria,3/17/2024,218541216,267188,0.1223
Nigeria,3/18/2020,218541216,2,0.0000
Nigeria,3/18/2021,218541216,160537,0.0735
Nigeria,3/18/2022,218541216,254945,0.1167
Nigeria,3/18/2023,218541216,266641,0.1220
Nigeria,3/19/2020,218541216,2,0.0000
Nigeria,3/19/2021,218541216,160537,0.0735
Nigeria,3/19/2022,218541216,254945,0.1167
Nigeria,3/19/2023,218541216,266652,0.1220
Nigeria,3/2/2020,218541216,1,0.0000
Nigeria,3/2/2021,218541216,155417,0.0711
Nigeria,3/2/2022,218541216,254501,0.1165
Nigeria,3/2/2023,218541216,266598,0.1220
Nigeria,3/2/2024,218541216,267188,0.1223
Nigeria,3/20/2020,218541216,2,0.0000
Nigeria,3/20/2021,218541216,160537,0.0735
Nigeria,3/20/2022,218541216,255103,0.1167
Nigeria,3/20/2023,218541216,266652,0.1220
Nigeria,3/21/2020,218541216,2,0.0000
Nigeria,3/21/2021,218541216,161651,0.0740
Nigeria,3/21/2022,218541216,255103,0.1167
Nigeria,3/21/2023,218541216,266652,0.1220
Nigeria,3/22/2020,218541216,26,0.0000
Nigeria,3/22/2021,218541216,161651,0.0740
Nigeria,3/22/2022,218541216,255103,0.1167
Nigeria,3/22/2023,218541216,266652,0.1220
Nigeria,3/23/2020,218541216,26,0.0000
Nigeria,3/23/2021,218541216,161651,0.0740
Nigeria,3/23/2022,218541216,255103,0.1167
Nigeria,3/23/2023,218541216,266652,0.1220
Nigeria,3/24/2020,218541216,26,0.0000
Nigeria,3/24/2021,218541216,161651,0.0740
Nigeria,3/24/2022,218541216,255103,0.1167
Nigeria,3/24/2023,218541216,266652,0.1220
Nigeria,3/25/2020,218541216,26,0.0000
Nigeria,3/25/2021,218541216,161651,0.0740
Nigeria,3/25/2022,218541216,255103,0.1167
Nigeria,3/25/2023,218541216,266652,0.1220
Nigeria,3/26/2020,218541216,26,0.0000
Nigeria,3/26/2021,218541216,161651,0.0740
Nigeria,3/26/2022,218541216,255103,0.1167
Nigeria,3/26/2023,218541216,266660,0.1220
Nigeria,3/27/2020,218541216,26,0.0000
Nigeria,3/27/2021,218541216,161651,0.0740
Nigeria,3/27/2022,218541216,255296,0.1168
Nigeria,3/27/2023,218541216,266660,0.1220
Nigeria,3/28/2020,218541216,26,0.0000
Nigeria,3/28/2021,218541216,162489,0.0744
Nigeria,3/28/2022,218541216,255296,0.1168
Nigeria,3/28/2023,218541216,266660,0.1220
Nigeria,3/29/2020,218541216,97,0.0000
Nigeria,3/29/2021,218541216,162489,0.0744
Nigeria,3/29/2022,218541216,255296,0.1168
Nigeria,3/29/2023,218541216,266660,0.1220
Nigeria,3/3/2020,218541216,1,0.0000
Nigeria,3/3/2021,218541216,155417,0.0711
Nigeria,3/3/2022,218541216,254501,0.1165
Nigeria,3/3/2023,218541216,266598,0.1220
Nigeria,3/3/2024,218541216,267188,0.1223
Nigeria,3/30/2020,218541216,97,0.0000
Nigeria,3/30/2021,218541216,162489,0.0744
Nigeria,3/30/2022,218541216,255296,0.1168
Nigeria,3/30/2023,218541216,266660,0.1220
Nigeria,3/31/2020,218541216,97,0.0000
Nigeria,3/31/2021,218541216,162489,0.0744
Nigeria,3/31/2022,218541216,255296,0.1168
Nigeria,3/31/2023,218541216,266660,0.1220
Nigeria,3/4/2020,218541216,1,0.0000
Nigeria,3/4/2021,218541216,155417,0.0711
Nigeria,3/4/2022,218541216,254501,0.1165
Nigeria,3/4/2023,218541216,266598,0.1220
Nigeria,3/4/2024,218541216,267188,0.1223
Nigeria,3/5/2020,218541216,1,0.0000
Nigeria,3/5/2021,218541216,155417,0.0711
Nigeria,3/5/2022,218541216,254501,0.1165
Nigeria,3/5/2023,218541216,266628,0.1220
Nigeria,3/5/2024,218541216,267188,0.1223
Nigeria,3/6/2020,218541216,1,0.0000
Nigeria,3/6/2021,218541216,155417,0.0711
Nigeria,3/6/2022,218541216,254637,0.1165
Nigeria,3/6/2023,218541216,266628,0.1220
Nigeria,3/6/2024,218541216,267188,0.1223
Nigeria,3/7/2020,218541216,1,0.0000
Nigeria,3/7/2021,218541216,158237,0.0724
Nigeria,3/7/2022,218541216,254637,0.1165
Nigeria,3/7/2023,218541216,266628,0.1220
Nigeria,3/7/2024,218541216,267188,0.1223
Nigeria,3/8/2020,218541216,1,0.0000
Nigeria,3/8/2021,218541216,158237,0.0724
Nigeria,3/8/2022,218541216,254637,0.1165
Nigeria,3/8/2023,218541216,266628,0.1220
Nigeria,3/8/2024,218541216,267188,0.1223
Nigeria,3/9/2020,218541216,1,0.0000
Nigeria,3/9/2021,218541216,158237,0.0724
Nigeria,3/9/2022,218541216,254637,0.1165
Nigeria,3/9/2023,218541216,266628,0.1220
Nigeria,3/9/2024,218541216,267188,0.1223
Nigeria,4/1/2020,218541216,97,0.0000
Nigeria,4/1/2021,218541216,162489,0.0744
Nigeria,4/1/2022,218541216,255296,0.1168
Nigeria,4/1/2023,218541216,266660,0.1220
Nigeria,4/10/2020,218541216,214,0.0001
Nigeria,4/10/2021,218541216,163113,0.0746
Nigeria,4/10/2022,218541216,255606,0.1170
Nigeria,4/10/2023,218541216,266675,0.1220
Nigeria,4/11/2020,218541216,214,0.0001
Nigeria,4/11/2021,218541216,163736,0.0749
Nigeria,4/11/2022,218541216,255606,0.1170
Nigeria,4/11/2023,218541216,266675,0.1220
Nigeria,4/12/2020,218541216,318,0.0001
Nigeria,4/12/2021,218541216,163736,0.0749
Nigeria,4/12/2022,218541216,255606,0.1170
Nigeria,4/12/2023,218541216,266675,0.1220
Nigeria,4/13/2020,218541216,318,0.0001
Nigeria,4/13/2021,218541216,163736,0.0749
Nigeria,4/13/2022,218541216,255606,0.1170
Nigeria,4/13/2023,218541216,266675,0.1220
Nigeria,4/14/2020,218541216,318,0.0001
Nigeria,4/14/2021,218541216,163736,0.0749
Nigeria,4/14/2022,218541216,255606,0.1170
Nigeria,4/14/2023,218541216,266675,0.1220
Nigeria,4/15/2020,218541216,318,0.0001
Nigeria,4/15/2021,218541216,163736,0.0749
Nigeria,4/15/2022,218541216,255606,0.1170
Nigeria,4/15/2023,218541216,266675,0.1220
Nigeria,4/16/2020,218541216,318,0.0001
Nigeria,4/16/2021,218541216,163736,0.0749
Nigeria,4/16/2022,218541216,255606,0.1170
Nigeria,4/16/2023,218541216,266675,0.1220
Nigeria,4/17/2020,218541216,318,0.0001
Nigeria,4/17/2021,218541216,163736,0.0749
Nigeria,4/17/2022,218541216,255648,0.1170
Nigeria,4/17/2023,218541216,266675,0.1220
Nigeria,4/18/2020,218541216,318,0.0001
Nigeria,4/18/2021,218541216,164207,0.0751
Nigeria,4/18/2022,218541216,255648,0.1170
Nigeria,4/18/2023,218541216,266675,0.1220
Nigeria,4/19/2020,218541216,541,0.0002
Nigeria,4/19/2021,218541216,164207,0.0751
Nigeria,4/19/2022,218541216,255648,0.1170
Nigeria,4/19/2023,218541216,266675,0.1220
Nigeria,4/2/2020,218541216,97,0.0000
Nigeria,4/2/2021,218541216,162489,0.0744
Nigeria,4/2/2022,218541216,255296,0.1168
Nigeria,4/2/2023,218541216,266665,0.1220
Nigeria,4/20/2020,218541216,541,0.0002
Nigeria,4/20/2021,218541216,164207,0.0751
Nigeria,4/20/2022,218541216,255648,0.1170
Nigeria,4/20/2023,218541216,266675,0.1220
Nigeria,4/21/2020,218541216,541,0.0002
Nigeria,4/21/2021,218541216,164207,0.0751
Nigeria,4/21/2022,218541216,255648,0.1170
Nigeria,4/21/2023,218541216,266675,0.1220
Nigeria,4/22/2020,218541216,541,0.0002
Nigeria,4/22/2021,218541216,164207,0.0751
Nigeria,4/22/2022,218541216,255648,0.1170
Nigeria,4/22/2023,218541216,266675,0.1220
Nigeria,4/23/2020,218541216,541,0.0002
Nigeria,4/23/2021,218541216,164207,0.0751
Nigeria,4/23/2022,218541216,255648,0.1170
Nigeria,4/23/2023,218541216,266675,0.1220
Nigeria,4/24/2020,218541216,541,0.0002
Nigeria,4/24/2021,218541216,164207,0.0751
Nigeria,4/24/2022,218541216,255685,0.1170
Nigeria,4/24/2023,218541216,266675,0.1220
Nigeria,4/25/2020,218541216,541,0.0002
Nigeria,4/25/2021,218541216,164684,0.0754
Nigeria,4/25/2022,218541216,255685,0.1170
Nigeria,4/25/2023,218541216,266675,0.1220
Nigeria,4/26/2020,218541216,1182,0.0005
Nigeria,4/26/2021,218541216,164684,0.0754
Nigeria,4/26/2022,218541216,255685,0.1170
Nigeria,4/26/2023,218541216,266675,0.1220
Nigeria,4/27/2020,218541216,1182,0.0005
Nigeria,4/27/2021,218541216,164684,0.0754
Nigeria,4/27/2022,218541216,255685,0.1170
Nigeria,4/27/2023,218541216,266675,0.1220
Nigeria,4/28/2020,218541216,1182,0.0005
Nigeria,4/28/2021,218541216,164684,0.0754
Nigeria,4/28/2022,218541216,255685,0.1170
Nigeria,4/28/2023,218541216,266675,0.1220
Nigeria,4/29/2020,218541216,1182,0.0005
Nigeria,4/29/2021,218541216,164684,0.0754
Nigeria,4/29/2022,218541216,255685,0.1170
Nigeria,4/29/2023,218541216,266675,0.1220
Nigeria,4/3/2020,218541216,97,0.0000
Nigeria,4/3/2021,218541216,162489,0.0744
Nigeria,4/3/2022,218541216,255468,0.1169
Nigeria,4/3/2023,218541216,266665,0.1220
Nigeria,4/30/2020,218541216,1182,0.0005
Nigeria,4/30/2021,218541216,164684,0.0754
Nigeria,4/30/2022,218541216,255685,0.1170
Nigeria,4/30/2023,218541216,266675,0.1220
Nigeria,4/4/2020,218541216,97,0.0000
Nigeria,4/4/2021,218541216,163113,0.0746
Nigeria,4/4/2022,218541216,255468,0.1169
Nigeria,4/4/2023,218541216,266665,0.1220
Nigeria,4/5/2020,218541216,214,0.0001
Nigeria,4/5/2021,218541216,163113,0.0746
Nigeria,4/5/2022,218541216,255468,0.1169
Nigeria,4/5/2023,218541216,266665,0.1220
Nigeria,4/6/2020,218541216,214,0.0001
Nigeria,4/6/2021,218541216,163113,0.0746
Nigeria,4/6/2022,218541216,255468,0.1169
Nigeria,4/6/2023,218541216,266665,0.1220
Nigeria,4/7/2020,218541216,214,0.0001
Nigeria,4/7/2021,218541216,163113,0.0746
Nigeria,4/7/2022,218541216,255468,0.1169
Nigeria,4/7/2023,218541216,266665,0.1220
Nigeria,4/8/2020,218541216,214,0.0001
Nigeria,4/8/2021,218541216,163113,0.0746
Nigeria,4/8/2022,218541216,255468,0.1169
Nigeria,4/8/2023,218541216,266665,0.1220
Nigeria,4/9/2020,218541216,214,0.0001
Nigeria,4/9/2021,218541216,163113,0.0746
Nigeria,4/9/2022,218541216,255468,0.1169
Nigeria,4/9/2023,218541216,266675,0.1220
Nigeria,5/1/2020,218541216,1182,0.0005
Nigeria,5/1/2021,218541216,164684,0.0754
Nigeria,5/1/2022,218541216,255716,0.1170
Nigeria,5/1/2023,218541216,266675,0.1220
Nigeria,5/10/2020,218541216,4151,0.0019
Nigeria,5/10/2021,218541216,165382,0.0757
Nigeria,5/10/2022,218541216,255766,0.1170
Nigeria,5/10/2023,218541216,266675,0.1220
Nigeria,5/11/2020,218541216,4151,0.0019
Nigeria,5/11/2021,218541216,165382,0.0757
Nigeria,5/11/2022,218541216,255766,0.1170
Nigeria,5/11/2023,218541216,266675,0.1220
Nigeria,5/12/2020,218541216,4151,0.0019
Nigeria,5/12/2021,218541216,165382,0.0757
Nigeria,5/12/2022,218541216,255766,0.1170
Nigeria,5/12/2023,218541216,266675,0.1220
Nigeria,5/13/2020,218541216,4151,0.0019
Nigeria,5/13/2021,218541216,165382,0.0757
Nigeria,5/13/2022,218541216,255766,0.1170
Nigeria,5/13/2023,218541216,266675,0.1220
Nigeria,5/14/2020,218541216,4151,0.0019
Nigeria,5/14/2021,218541216,165382,0.0757
Nigeria,5/14/2022,218541216,255766,0.1170
Nigeria,5/14/2023,218541216,266675,0.1220
Nigeria,5/15/2020,218541216,4151,0.0019
Nigeria,5/15/2021,218541216,165382,0.0757
Nigeria,5/15/2022,218541216,255859,0.1171
Nigeria,5/15/2023,218541216,266675,0.1220
Nigeria,5/16/2020,218541216,4151,0.0019
Nigeria,5/16/2021,218541216,165702,0.0758
Nigeria,5/16/2022,218541216,255859,0.1171
Nigeria,5/16/2023,218541216,266675,0.1220
Nigeria,5/17/2020,218541216,5621,0.0026
Nigeria,5/17/2021,218541216,165702,0.0758
Nigeria,5/17/2022,218541216,255859,0.1171
Nigeria,5/17/2023,218541216,266675,0.1220
Nigeria,5/18/2020,218541216,5621,0.0026
Nigeria,5/18/2021,218541216,165702,0.0758
Nigeria,5/18/2022,218541216,255859,0.1171
Nigeria,5/18/2023,218541216,266675,0.1220
Nigeria,5/19/2020,218541216,5621,0.0026
Nigeria,5/19/2021,218541216,165702,0.0758
Nigeria,5/19/2022,218541216,255859,0.1171
Nigeria,5/19/2023,218541216,266675,0.1220
Nigeria,5/2/2020,218541216,1182,0.0005
Nigeria,5/2/2021,218541216,165153,0.0756
Nigeria,5/2/2022,218541216,255716,0.1170
Nigeria,5/2/2023,218541216,266675,0.1220
Nigeria,5/20/2020,218541216,5621,0.0026
Nigeria,5/20/2021,218541216,165702,0.0758
Nigeria,5/20/2022,218541216,255859,0.1171
Nigeria,5/20/2023,218541216,266675,0.1220
Nigeria,5/21/2020,218541216,5621,0.0026
Nigeria,5/21/2021,218541216,165702,0.0758
Nigeria,5/21/2022,218541216,255859,0.1171
Nigeria,5/21/2023,218541216,266675,0.1220
Nigeria,5/22/2020,218541216,5621,0.0026
Nigeria,5/22/2021,218541216,165702,0.0758
Nigeria,5/22/2022,218541216,255937,0.1171
Nigeria,5/22/2023,218541216,266675,0.1220
Nigeria,5/23/2020,218541216,5621,0.0026
Nigeria,5/23/2021,218541216,165979,0.0759
Nigeria,5/23/2022,218541216,255937,0.1171
Nigeria,5/23/2023,218541216,266675,0.1220
Nigeria,5/24/2020,218541216,7526,0.0034
Nigeria,5/24/2021,218541216,165979,0.0759
Nigeria,5/24/2022,218541216,255937,0.1171
Nigeria,5/24/2023,218541216,266675,0.1220
Nigeria,5/25/2020,218541216,7526,0.0034
Nigeria,5/25/2021,218541216,165979,0.0759
Nigeria,5/25/2022,218541216,255937,0.1171
Nigeria,5/25/2023,218541216,266675,0.1220
Nigeria,5/26/2020,218541216,7526,0.0034
Nigeria,5/26/2021,218541216,165979,0.0759
Nigeria,5/26/2022,218541216,255937,0.1171
Nigeria,5/26/2023,218541216,266675,0.1220
Nigeria,5/27/2020,218541216,7526,0.0034
Nigeria,5/27/2021,218541216,165979,0.0759
Nigeria,5/27/2022,218541216,255937,0.1171
Nigeria,5/27/2023,218541216,266675,0.1220
Nigeria,5/28/2020,218541216,7526,0.0034
Nigeria,5/28/2021,218541216,165979,0.0759
Nigeria,5/28/2022,218541216,255937,0.1171
Nigeria,5/28/2023,218541216,266675,0.1220
Nigeria,5/29/2020,218541216,7526,0.0034
Nigeria,5/29/2021,218541216,165979,0.0759
Nigeria,5/29/2022,218541216,256028,0.1172
Nigeria,5/29/2023,218541216,266675,0.1220
Nigeria,5/3/2020,218541216,2388,0.0011
Nigeria,5/3/2021,218541216,165153,0.0756
Nigeria,5/3/2022,218541216,255716,0.1170
Nigeria,5/3/2023,218541216,266675,0.1220
Nigeria,5/30/2020,218541216,7526,0.0034
Nigeria,5/30/2021,218541216,166285,0.0761
Nigeria,5/30/2022,218541216,256028,0.1172
Nigeria,5/30/2023,218541216,266675,0.1220
Nigeria,5/31/2020,218541216,9855,0.0045
Nigeria,5/31/2021,218541216,166285,0.0761
Nigeria,5/31/2022,218541216,256028,0.1172
Nigeria,5/31/2023,218541216,266675,0.1220
Nigeria,5/4/2020,218541216,2388,0.0011
Nigeria,5/4/2021,218541216,165153,0.0756
Nigeria,5/4/2022,218541216,255716,0.1170
Nigeria,5/4/2023,218541216,266675,0.1220
Nigeria,5/5/2020,218541216,2388,0.0011
Nigeria,5/5/2021,218541216,165153,0.0756
Nigeria,5/5/2022,218541216,255716,0.1170
Nigeria,5/5/2023,218541216,266675,0.1220
Nigeria,5/6/2020,218541216,2388,0.0011
Nigeria,5/6/2021,218541216,165153,0.0756
Nigeria,5/6/2022,218541216,255716,0.1170
Nigeria,5/6/2023,218541216,266675,0.1220
Nigeria,5/7/2020,218541216,2388,0.0011
Nigeria,5/7/2021,218541216,165153,0.0756
Nigeria,5/7/2022,218541216,255716,0.1170
Nigeria,5/7/2023,218541216,266675,0.1220
Nigeria,5/8/2020,218541216,2388,0.0011
Nigeria,5/8/2021,218541216,165153,0.0756
Nigeria,5/8/2022,218541216,255766,0.1170
Nigeria,5/8/2023,218541216,266675,0.1220
Nigeria,5/9/2020,218541216,2388,0.0011
Nigeria,5/9/2021,218541216,165382,0.0757
Nigeria,5/9/2022,218541216,255766,0.1170
Nigeria,5/9/2023,218541216,266675,0.1220
Nigeria,6/1/2020,218541216,9855,0.0045
Nigeria,6/1/2021,218541216,166285,0.0761
Nigeria,6/1/2022,218541216,256028,0.1172
Nigeria,6/1/2023,218541216,266675,0.1220
Nigeria,6/10/2020,218541216,12233,0.0056
Nigeria,6/10/2021,218541216,166756,0.0763
Nigeria,6/10/2022,218541216,256148,0.1172
Nigeria,6/10/2023,218541216,266675,0.1220
Nigeria,6/11/2020,218541216,12233,0.0056
Nigeria,6/11/2021,218541216,166756,0.0763
Nigeria,6/11/2022,218541216,256148,0.1172
Nigeria,6/11/2023,218541216,266675,0.1220
Nigeria,6/12/2020,218541216,12233,0.0056
Nigeria,6/12/2021,218541216,166756,0.0763
Nigeria,6/12/2022,218541216,256352,0.1173
Nigeria,6/12/2023,218541216,266675,0.1220
Nigeria,6/13/2020,218541216,12233,0.0056
Nigeria,6/13/2021,218541216,167059,0.0764
Nigeria,6/13/2022,218541216,256352,0.1173
Nigeria,6/13/2023,218541216,266675,0.1220
Nigeria,6/14/2020,218541216,15682,0.0072
Nigeria,6/14/2021,218541216,167059,0.0764
Nigeria,6/14/2022,218541216,256352,0.1173
Nigeria,6/14/2023,218541216,266675,0.1220
Nigeria,6/15/2020,218541216,15682,0.0072
Nigeria,6/15/2021,218541216,167059,0.0764
Nigeria,6/15/2022,218541216,256352,0.1173
Nigeria,6/15/2023,218541216,266675,0.1220
Nigeria,6/16/2020,218541216,15682,0.0072
Nigeria,6/16/2021,218541216,167059,0.0764
Nigeria,6/16/2022,218541216,256352,0.1173
Nigeria,6/16/2023,218541216,266675,0.1220
Nigeria,6/17/2020,218541216,15682,0.0072
Nigeria,6/17/2021,218541216,167059,0.0764
Nigeria,6/17/2022,218541216,256352,0.1173
Nigeria,6/17/2023,218541216,266675,0.1220
Nigeria,6/18/2020,218541216,15682,0.0072
Nigeria,6/18/2021,218541216,167059,0.0764
Nigeria,6/18/2022,218541216,256352,0.1173
Nigeria,6/18/2023,218541216,266675,0.1220
Nigeria,6/19/2020,218541216,15682,0.0072
Nigeria,6/19/2021,218541216,167059,0.0764
Nigeria,6/19/2022,218541216,256573,0.1174
Nigeria,6/19/2023,218541216,266675,0.1220
Nigeria,6/2/2020,218541216,9855,0.0045
Nigeria,6/2/2021,218541216,166285,0.0761
Nigeria,6/2/2022,218541216,256028,0.1172
Nigeria,6/2/2023,218541216,266675,0.1220
Nigeria,6/20/2020,218541216,15682,0.0072
Nigeria,6/20/2021,218541216,167155,0.0765
Nigeria,6/20/2022,218541216,256573,0.1174
Nigeria,6/20/2023,218541216,266675,0.1220
Nigeria,6/21/2020,218541216,19808,0.0091
Nigeria,6/21/2021,218541216,167155,0.0765
Nigeria,6/21/2022,218541216,256573,0.1174
Nigeria,6/21/2023,218541216,266675,0.1220
Nigeria,6/22/2020,218541216,19808,0.0091
Nigeria,6/22/2021,218541216,167155,0.0765
Nigeria,6/22/2022,218541216,256573,0.1174
Nigeria,6/22/2023,218541216,266675,0.1220
Nigeria,6/23/2020,218541216,19808,0.0091
Nigeria,6/23/2021,218541216,167155,0.0765
Nigeria,6/23/2022,218541216,256573,0.1174
Nigeria,6/23/2023,218541216,266675,0.1220
Nigeria,6/24/2020,218541216,19808,0.0091
Nigeria,6/24/2021,218541216,167155,0.0765
Nigeria,6/24/2022,218541216,256573,0.1174
Nigeria,6/24/2023,218541216,266675,0.1220
Nigeria,6/25/2020,218541216,19808,0.0091
Nigeria,6/25/2021,218541216,167155,0.0765
Nigeria,6/25/2022,218541216,256573,0.1174
Nigeria,6/25/2023,218541216,266675,0.1220
Nigeria,6/26/2020,218541216,19808,0.0091
Nigeria,6/26/2021,218541216,167155,0.0765
Nigeria,6/26/2022,218541216,256958,0.1176
Nigeria,6/26/2023,218541216,266675,0.1220
Nigeria,6/27/2020,218541216,19808,0.0091
Nigeria,6/27/2021,218541216,167465,0.0766
Nigeria,6/27/2022,218541216,256958,0.1176
Nigeria,6/27/2023,218541216,266675,0.1220
Nigeria,6/28/2020,218541216,24077,0.0110
Nigeria,6/28/2021,218541216,167465,0.0766
Nigeria,6/28/2022,218541216,256958,0.1176
Nigeria,6/28/2023,218541216,266675,0.1220
Nigeria,6/29/2020,218541216,24077,0.0110
Nigeria,6/29/2021,218541216,167465,0.0766
Nigeria,6/29/2022,218541216,256958,0.1176
Nigeria,6/29/2023,218541216,266675,0.1220
Nigeria,6/3/2020,218541216,9855,0.0045
Nigeria,6/3/2021,218541216,166285,0.0761
Nigeria,6/3/2022,218541216,256028,0.1172
Nigeria,6/3/2023,218541216,266675,0.1220
Nigeria,6/30/2020,218541216,24077,0.0110
Nigeria,6/30/2021,218541216,167465,0.0766
Nigeria,6/30/2022,218541216,256958,0.1176
Nigeria,6/30/2023,218541216,266675,0.1220
Nigeria,6/4/2020,218541216,9855,0.0045
Nigeria,6/4/2021,218541216,166285,0.0761
Nigeria,6/4/2022,218541216,256028,0.1172
Nigeria,6/4/2023,218541216,266675,0.1220
Nigeria,6/5/2020,218541216,9855,0.0045
Nigeria,6/5/2021,218541216,166285,0.0761
Nigeria,6/5/2022,218541216,256148,0.1172
Nigeria,6/5/2023,218541216,266675,0.1220
Nigeria,6/6/2020,218541216,9855,0.0045
Nigeria,6/6/2021,218541216,166756,0.0763
Nigeria,6/6/2022,218541216,256148,0.1172
Nigeria,6/6/2023,218541216,266675,0.1220
Nigeria,6/7/2020,218541216,12233,0.0056
Nigeria,6/7/2021,218541216,166756,0.0763
Nigeria,6/7/2022,218541216,256148,0.1172
Nigeria,6/7/2023,218541216,266675,0.1220
Nigeria,6/8/2020,218541216,12233,0.0056
Nigeria,6/8/2021,218541216,166756,0.0763
Nigeria,6/8/2022,218541216,256148,0.1172
Nigeria,6/8/2023,218541216,266675,0.1220
Nigeria,6/9/2020,218541216,12233,0.0056
Nigeria,6/9/2021,218541216,166756,0.0763
Nigeria,6/9/2022,218541216,256148,0.1172
Nigeria,6/9/2023,218541216,266675,0.1220
Nigeria,7/1/2020,218541216,24077,0.0110
Nigeria,7/1/2021,218541216,167465,0.0766
Nigeria,7/1/2022,218541216,256958,0.1176
Nigeria,7/1/2023,218541216,266675,0.1220
Nigeria,7/10/2020,218541216,28167,0.0129
Nigeria,7/10/2021,218541216,167803,0.0768
Nigeria,7/10/2022,218541216,258517,0.1183
Nigeria,7/10/2023,218541216,266675,0.1220
Nigeria,7/11/2020,218541216,28167,0.0129
Nigeria,7/11/2021,218541216,168540,0.0771
Nigeria,7/11/2022,218541216,258517,0.1183
Nigeria,7/11/2023,218541216,266675,0.1220
Nigeria,7/12/2020,218541216,31987,0.0146
Nigeria,7/12/2021,218541216,168540,0.0771
Nigeria,7/12/2022,218541216,258517,0.1183
Nigeria,7/12/2023,218541216,266675,0.1220
Nigeria,7/13/2020,218541216,31987,0.0146
Nigeria,7/13/2021,218541216,168540,0.0771
Nigeria,7/13/2022,218541216,258517,0.1183
Nigeria,7/13/2023,218541216,266675,0.1220
Nigeria,7/14/2020,218541216,31987,0.0146
Nigeria,7/14/2021,218541216,168540,0.0771
Nigeria,7/14/2022,218541216,258517,0.1183
Nigeria,7/14/2023,218541216,266675,0.1220
Nigeria,7/15/2020,218541216,31987,0.0146
Nigeria,7/15/2021,218541216,168540,0.0771
Nigeria,7/15/2022,218541216,258517,0.1183
Nigeria,7/15/2023,218541216,266675,0.1220
Nigeria,7/16/2020,218541216,31987,0.0146
Nigeria,7/16/2021,218541216,168540,0.0771
Nigeria,7/16/2022,218541216,258517,0.1183
Nigeria,7/16/2023,218541216,266675,0.1220
Nigeria,7/17/2020,218541216,31987,0.0146
Nigeria,7/17/2021,218541216,168540,0.0771
Nigeria,7/17/2022,218541216,259007,0.1185
Nigeria,7/17/2023,218541216,266675,0.1220
Nigeria,7/18/2020,218541216,31987,0.0146
Nigeria,7/18/2021,218541216,169329,0.0775
Nigeria,7/18/2022,218541216,259007,0.1185
Nigeria,7/18/2023,218541216,266675,0.1220
Nigeria,7/19/2020,218541216,36107,0.0165
Nigeria,7/19/2021,218541216,169329,0.0775
Nigeria,7/19/2022,218541216,259007,0.1185
Nigeria,7/19/2023,218541216,266675,0.1220
Nigeria,7/2/2020,218541216,24077,0.0110
Nigeria,7/2/2021,218541216,167465,0.0766
Nigeria,7/2/2022,218541216,256958,0.1176
Nigeria,7/2/2023,218541216,266675,0.1220
Nigeria,7/20/2020,218541216,36107,0.0165
Nigeria,7/20/2021,218541216,169329,0.0775
Nigeria,7/20/2022,218541216,259007,0.1185
Nigeria,7/20/2023,218541216,266675,0.1220
Nigeria,7/21/2020,218541216,36107,0.0165
Nigeria,7/21/2021,218541216,169329,0.0775
Nigeria,7/21/2022,218541216,259007,0.1185
Nigeria,7/21/2023,218541216,266675,0.1220
Nigeria,7/22/2020,218541216,36107,0.0165
Nigeria,7/22/2021,218541216,169329,0.0775
Nigeria,7/22/2022,218541216,259007,0.1185
Nigeria,7/22/2023,218541216,266675,0.1220
Nigeria,7/23/2020,218541216,36107,0.0165
Nigeria,7/23/2021,218541216,169329,0.0775
Nigeria,7/23/2022,218541216,259007,0.1185
Nigeria,7/23/2023,218541216,266675,0.1220
Nigeria,7/24/2020,218541216,36107,0.0165
Nigeria,7/24/2021,218541216,169329,0.0775
Nigeria,7/24/2022,218541216,259485,0.1187
Nigeria,7/24/2023,218541216,266675,0.1220
Nigeria,7/25/2020,218541216,36107,0.0165
Nigeria,7/25/2021,218541216,170895,0.0782
Nigeria,7/25/2022,218541216,259485,0.1187
Nigeria,7/25/2023,218541216,266675,0.1220
Nigeria,7/26/2020,218541216,39977,0.0183
Nigeria,7/26/2021,218541216,170895,0.0782
Nigeria,7/26/2022,218541216,259485,0.1187
Nigeria,7/26/2023,218541216,266675,0.1220
Nigeria,7/27/2020,218541216,39977,0.0183
Nigeria,7/27/2021,218541216,170895,0.0782
Nigeria,7/27/2022,218541216,259485,0.1187
Nigeria,7/27/2023,218541216,266675,0.1220
Nigeria,7/28/2020,218541216,39977,0.0183
Nigeria,7/28/2021,218541216,170895,0.0782
Nigeria,7/28/2022,218541216,259485,0.1187
Nigeria,7/28/2023,218541216,266675,0.1220
Nigeria,7/29/2020,218541216,39977,0.0183
Nigeria,7/29/2021,218541216,170895,0.0782
Nigeria,7/29/2022,218541216,259485,0.1187
Nigeria,7/29/2023,218541216,266675,0.1220
Nigeria,7/3/2020,218541216,24077,0.0110
Nigeria,7/3/2021,218541216,167465,0.0766
Nigeria,7/3/2022,218541216,257637,0.1179
Nigeria,7/3/2023,218541216,266675,0.1220
Nigeria,7/30/2020,218541216,39977,0.0183
Nigeria,7/30/2021,218541216,170895,0.0782
Nigeria,7/30/2022,218541216,259485,0.1187
Nigeria,7/30/2023,218541216,266675,0.1220
Nigeria,7/31/2020,218541216,39977,0.0183
Nigeria,7/31/2021,218541216,170895,0.0782
Nigeria,7/31/2022,218541216,260977,0.1194
Nigeria,7/31/2023,218541216,266675,0.1220
Nigeria,7/4/2020,218541216,24077,0.0110
Nigeria,7/4/2021,218541216,167803,0.0768
Nigeria,7/4/2022,218541216,257637,0.1179
Nigeria,7/4/2023,218541216,266675,0.1220
Nigeria,7/5/2020,218541216,28167,0.0129
Nigeria,7/5/2021,218541216,167803,0.0768
Nigeria,7/5/2022,218541216,257637,0.1179
Nigeria,7/5/2023,218541216,266675,0.1220
Nigeria,7/6/2020,218541216,28167,0.0129
Nigeria,7/6/2021,218541216,167803,0.0768
Nigeria,7/6/2022,218541216,257637,0.1179
Nigeria,7/6/2023,218541216,266675,0.1220
Nigeria,7/7/2020,218541216,28167,0.0129
Nigeria,7/7/2021,218541216,167803,0.0768
Nigeria,7/7/2022,218541216,257637,0.1179
Nigeria,7/7/2023,218541216,266675,0.1220
Nigeria,7/8/2020,218541216,28167,0.0129
Nigeria,7/8/2021,218541216,167803,0.0768
Nigeria,7/8/2022,218541216,257637,0.1179
Nigeria,7/8/2023,218541216,266675,0.1220
Nigeria,7/9/2020,218541216,28167,0.0129
Nigeria,7/9/2021,218541216,167803,0.0768
Nigeria,7/9/2022,218541216,257637,0.1179
Nigeria,7/9/2023,218541216,266675,0.1220
Nigeria,8/1/2020,218541216,39977,0.0183
Nigeria,8/1/2021,218541216,173908,0.0796
Nigeria,8/1/2022,218541216,260977,0.1194
Nigeria,8/1/2023,218541216,266675,0.1220
Nigeria,8/10/2020,218541216,46140,0.0211
Nigeria,8/10/2021,218541216,177615,0.0813
Nigeria,8/10/2022,218541216,261885,0.1198
Nigeria,8/10/2023,218541216,266675,0.1220
Nigeria,8/11/2020,218541216,46140,0.0211
Nigeria,8/11/2021,218541216,177615,0.0813
Nigeria,8/11/2022,218541216,261885,0.1198
Nigeria,8/11/2023,218541216,266675,0.1220
Nigeria,8/12/2020,218541216,46140,0.0211
Nigeria,8/12/2021,218541216,177615,0.0813
Nigeria,8/12/2022,218541216,261885,0.1198
Nigeria,8/12/2023,218541216,266675,0.1220
Nigeria,8/13/2020,218541216,46140,0.0211
Nigeria,8/13/2021,218541216,177615,0.0813
Nigeria,8/13/2022,218541216,261885,0.1198
Nigeria,8/13/2023,218541216,267036,0.1222
Nigeria,8/14/2020,218541216,46140,0.0211
Nigeria,8/14/2021,218541216,177615,0.0813
Nigeria,8/14/2022,218541216,262520,0.1201
Nigeria,8/14/2023,218541216,267036,0.1222
Nigeria,8/15/2020,218541216,46140,0.0211
Nigeria,8/15/2021,218541216,181962,0.0833
Nigeria,8/15/2022,218541216,262520,0.1201
Nigeria,8/15/2023,218541216,267036,0.1222
Nigeria,8/16/2020,218541216,48770,0.0223
Nigeria,8/16/2021,218541216,181962,0.0833
Nigeria,8/16/2022,218541216,262520,0.1201
Nigeria,8/16/2023,218541216,267036,0.1222
Nigeria,8/17/2020,218541216,48770,0.0223
Nigeria,8/17/2021,218541216,181962,0.0833
Nigeria,8/17/2022,218541216,262520,0.1201
Nigeria,8/17/2023,218541216,267036,0.1222
Nigeria,8/18/2020,218541216,48770,0.0223
Nigeria,8/18/2021,218541216,181962,0.0833
Nigeria,8/18/2022,218541216,262520,0.1201
Nigeria,8/18/2023,218541216,267036,0.1222
Nigeria,8/19/2020,218541216,48770,0.0223
Nigeria,8/19/2021,218541216,181962,0.0833
Nigeria,8/19/2022,218541216,262520,0.1201
Nigeria,8/19/2023,218541216,267036,0.1222
Nigeria,8/2/2020,218541216,43537,0.0199
Nigeria,8/2/2021,218541216,173908,0.0796
Nigeria,8/2/2022,218541216,260977,0.1194
Nigeria,8/2/2023,218541216,266675,0.1220
Nigeria,8/20/2020,218541216,48770,0.0223
Nigeria,8/20/2021,218541216,181962,0.0833
Nigeria,8/20/2022,218541216,262520,0.1201
Nigeria,8/20/2023,218541216,267041,0.1222
Nigeria,8/21/2020,218541216,48770,0.0223
Nigeria,8/21/2021,218541216,181962,0.0833
Nigeria,8/21/2022,218541216,262912,0.1203
Nigeria,8/21/2023,218541216,267041,0.1222
Nigeria,8/22/2020,218541216,48770,0.0223
Nigeria,8/22/2021,218541216,186635,0.0854
Nigeria,8/22/2022,218541216,262912,0.1203
Nigeria,8/22/2023,218541216,267041,0.1222
Nigeria,8/23/2020,218541216,51905,0.0238
Nigeria,8/23/2021,218541216,186635,0.0854
Nigeria,8/23/2022,218541216,262912,0.1203
Nigeria,8/23/2023,218541216,267041,0.1222
Nigeria,8/24/2020,218541216,51905,0.0238
Nigeria,8/24/2021,218541216,186635,0.0854
Nigeria,8/24/2022,218541216,262912,0.1203
Nigeria,8/24/2023,218541216,267041,0.1222
Nigeria,8/25/2020,218541216,51905,0.0238
Nigeria,8/25/2021,218541216,186635,0.0854
Nigeria,8/25/2022,218541216,262912,0.1203
Nigeria,8/25/2023,218541216,267041,0.1222
Nigeria,8/26/2020,218541216,51905,0.0238
Nigeria,8/26/2021,218541216,186635,0.0854
Nigeria,8/26/2022,218541216,262912,0.1203
Nigeria,8/26/2023,218541216,267041,0.1222
Nigeria,8/27/2020,218541216,51905,0.0238
Nigeria,8/27/2021,218541216,186635,0.0854
Nigeria,8/27/2022,218541216,262912,0.1203
Nigeria,8/27/2023,218541216,267051,0.1222
Nigeria,8/28/2020,218541216,51905,0.0238
Nigeria,8/28/2021,218541216,186635,0.0854
Nigeria,8/28/2022,218541216,263407,0.1205
Nigeria,8/28/2023,218541216,267051,0.1222
Nigeria,8/29/2020,218541216,51905,0.0238
Nigeria,8/29/2021,218541216,190983,0.0874
Nigeria,8/29/2022,218541216,263407,0.1205
Nigeria,8/29/2023,218541216,267051,0.1222
Nigeria,8/3/2020,218541216,43537,0.0199
Nigeria,8/3/2021,218541216,173908,0.0796
Nigeria,8/3/2022,218541216,260977,0.1194
Nigeria,8/3/2023,218541216,266675,0.1220
Nigeria,8/30/2020,218541216,53727,0.0246
Nigeria,8/30/2021,218541216,190983,0.0874
Nigeria,8/30/2022,218541216,263407,0.1205
Nigeria,8/30/2023,218541216,267051,0.1222
Nigeria,8/31/2020,218541216,53727,0.0246
Nigeria,8/31/2021,218541216,190983,0.0874
Nigeria,8/31/2022,218541216,263407,0.1205
Nigeria,8/31/2023,218541216,267051,0.1222
Nigeria,8/4/2020,218541216,43537,0.0199
Nigeria,8/4/2021,218541216,173908,0.0796
Nigeria,8/4/2022,218541216,260977,0.1194
Nigeria,8/4/2023,218541216,266675,0.1220
Nigeria,8/5/2020,218541216,43537,0.0199
Nigeria,8/5/2021,218541216,173908,0.0796
Nigeria,8/5/2022,218541216,260977,0.1194
Nigeria,8/5/2023,218541216,266675,0.1220
Nigeria,8/6/2020,218541216,43537,0.0199
Nigeria,8/6/2021,218541216,173908,0.0796
Nigeria,8/6/2022,218541216,260977,0.1194
Nigeria,8/6/2023,218541216,266675,0.1220
Nigeria,8/7/2020,218541216,43537,0.0199
Nigeria,8/7/2021,218541216,173908,0.0796
Nigeria,8/7/2022,218541216,261885,0.1198
Nigeria,8/7/2023,218541216,266675,0.1220
Nigeria,8/8/2020,218541216,43537,0.0199
Nigeria,8/8/2021,218541216,177615,0.0813
Nigeria,8/8/2022,218541216,261885,0.1198
Nigeria,8/8/2023,218541216,266675,0.1220
Nigeria,8/9/2020,218541216,46140,0.0211
Nigeria,8/9/2021,218541216,177615,0.0813
Nigeria,8/9/2022,218541216,261885,0.1198
Nigeria,8/9/2023,218541216,266675,0.1220
Nigeria,9/1/2020,218541216,53727,0.0246
Nigeria,9/1/2021,218541216,190983,0.0874
Nigeria,9/1/2022,218541216,263407,0.1205
Nigeria,9/1/2023,218541216,267051,0.1222
Nigeria,9/10/2020,218541216,54905,0.0251
Nigeria,9/10/2021,218541216,195052,0.0893
Nigeria,9/10/2022,218541216,263867,0.1207
Nigeria,9/10/2023,218541216,267118,0.1222
Nigeria,9/11/2020,218541216,54905,0.0251
Nigeria,9/11/2021,218541216,195052,0.0893
Nigeria,9/11/2022,218541216,264450,0.1210
Nigeria,9/11/2023,218541216,267118,0.1222
Nigeria,9/12/2020,218541216,54905,0.0251
Nigeria,9/12/2021,218541216,198786,0.0910
Nigeria,9/12/2022,218541216,264450,0.1210
Nigeria,9/12/2023,218541216,267118,0.1222
Nigeria,9/13/2020,218541216,56177,0.0257
Nigeria,9/13/2021,218541216,198786,0.0910
Nigeria,9/13/2022,218541216,264450,0.1210
Nigeria,9/13/2023,218541216,267118,0.1222
Nigeria,9/14/2020,218541216,56177,0.0257
Nigeria,9/14/2021,218541216,198786,0.0910
Nigeria,9/14/2022,218541216,264450,0.1210
Nigeria,9/14/2023,218541216,267118,0.1222
Nigeria,9/15/2020,218541216,56177,0.0257
Nigeria,9/15/2021,218541216,198786,0.0910
Nigeria,9/15/2022,218541216,264450,0.1210
Nigeria,9/15/2023,218541216,267118,0.1222
Nigeria,9/16/2020,218541216,56177,0.0257
Nigeria,9/16/2021,218541216,198786,0.0910
Nigeria,9/16/2022,218541216,264450,0.1210
Nigeria,9/16/2023,218541216,267118,0.1222
Nigeria,9/17/2020,218541216,56177,0.0257
Nigeria,9/17/2021,218541216,198786,0.0910
Nigeria,9/17/2022,218541216,264450,0.1210
Nigeria,9/17/2023,218541216,267133,0.1222
Nigeria,9/18/2020,218541216,56177,0.0257
Nigeria,9/18/2021,218541216,198786,0.0910
Nigeria,9/18/2022,218541216,264933,0.1212
Nigeria,9/18/2023,218541216,267133,0.1222
Nigeria,9/19/2020,218541216,56177,0.0257
Nigeria,9/19/2021,218541216,201630,0.0923
Nigeria,9/19/2022,218541216,264933,0.1212
Nigeria,9/19/2023,218541216,267133,0.1222
Nigeria,9/2/2020,218541216,53727,0.0246
Nigeria,9/2/2021,218541216,190983,0.0874
Nigeria,9/2/2022,218541216,263407,0.1205
Nigeria,9/2/2023,218541216,267051,0.1222
Nigeria,9/20/2020,218541216,57145,0.0261
Nigeria,9/20/2021,218541216,201630,0.0923
Nigeria,9/20/2022,218541216,264933,0.1212
Nigeria,9/20/2023,218541216,267133,0.1222
Nigeria,9/21/2020,218541216,57145,0.0261
Nigeria,9/21/2021,218541216,201630,0.0923
Nigeria,9/21/2022,218541216,264933,0.1212
Nigeria,9/21/2023,218541216,267133,0.1222
Nigeria,9/22/2020,218541216,57145,0.0261
Nigeria,9/22/2021,218541216,201630,0.0923
Nigeria,9/22/2022,218541216,264933,0.1212
Nigeria,9/22/2023,218541216,267133,0.1222
Nigeria,9/23/2020,218541216,57145,0.0261
Nigeria,9/23/2021,218541216,201630,0.0923
Nigeria,9/23/2022,218541216,264933,0.1212
Nigeria,9/23/2023,218541216,267133,0.1222
Nigeria,9/24/2020,218541216,57145,0.0261
Nigeria,9/24/2021,218541216,201630,0.0923
Nigeria,9/24/2022,218541216,264933,0.1212
Nigeria,9/24/2023,218541216,267138,0.1222
Nigeria,9/25/2020,218541216,57145,0.0261
Nigeria,9/25/2021,218541216,201630,0.0923
Nigeria,9/25/2022,218541216,265186,0.1213
Nigeria,9/25/2023,218541216,267138,0.1222
Nigeria,9/26/2020,218541216,57145,0.0261
Nigeria,9/26/2021,218541216,204201,0.0934
Nigeria,9/26/2022,218541216,265186,0.1213
Nigeria,9/26/2023,218541216,267138,0.1222
Nigeria,9/27/2020,218541216,58198,0.0266
Nigeria,9/27/2021,218541216,204201,0.0934
Nigeria,9/27/2022,218541216,265186,0.1213
Nigeria,9/27/2023,218541216,267138,0.1222
Nigeria,9/28/2020,218541216,58198,0.0266
Nigeria,9/28/2021,218541216,204201,0.0934
Nigeria,9/28/2022,218541216,265186,0.1213
Nigeria,9/28/2023,218541216,267138,0.1222
Nigeria,9/29/2020,218541216,58198,0.0266
Nigeria,9/29/2021,218541216,204201,0.0934
Nigeria,9/29/2022,218541216,265186,0.1213
Nigeria,9/29/2023,218541216,267138,0.1222
Nigeria,9/3/2020,218541216,53727,0.0246
Nigeria,9/3/2021,218541216,190983,0.0874
Nigeria,9/3/2022,218541216,263407,0.1205
Nigeria,9/3/2023,218541216,267093,0.1222
Nigeria,9/30/2020,218541216,58198,0.0266
Nigeria,9/30/2021,218541216,204201,0.0934
Nigeria,9/30/2022,218541216,265186,0.1213
Nigeria,9/30/2023,218541216,267138,0.1222
Nigeria,9/4/2020,218541216,53727,0.0246
Nigeria,9/4/2021,218541216,190983,0.0874
Nigeria,9/4/2022,218541216,263867,0.1207
Nigeria,9/4/2023,218541216,267093,0.1222
Nigeria,9/5/2020,218541216,53727,0.0246
Nigeria,9/5/2021,218541216,195052,0.0893
Nigeria,9/5/2022,218541216,263867,0.1207
Nigeria,9/5/2023,218541216,267093,0.1222
Nigeria,9/6/2020,218541216,54905,0.0251
Nigeria,9/6/2021,218541216,195052,0.0893
Nigeria,9/6/2022,218541216,263867,0.1207
Nigeria,9/6/2023,218541216,267093,0.1222
Nigeria,9/7/2020,218541216,54905,0.0251
Nigeria,9/7/2021,218541216,195052,0.0893
Nigeria,9/7/2022,218541216,263867,0.1207
Nigeria,9/7/2023,218541216,267093,0.1222
Nigeria,9/8/2020,218541216,54905,0.0251
Nigeria,9/8/2021,218541216,195052,0.0893
Nigeria,9/8/2022,218541216,263867,0.1207
Nigeria,9/8/2023,218541216,267093,0.1222
Nigeria,9/9/2020,218541216,54905,0.0251
Nigeria,9/9/2021,218541216,195052,0.0893
Nigeria,9/9/2022,218541216,263867,0.1207
Nigeria,9/9/2023,218541216,267093,0.1222
